sol,k,t,abierta,q_PET_kg,q_HDPE_kg,q_PP_kg,produccion_kg,ingreso_EUR,transporte_EUR,procesamiento_EUR,margen_EUR,emisiones_kgCO2e
1,1,1,1,362.1950640000033,333.95392799999615,39.786862499995124,735.9358544999945,633.1312275749974,0.17600000598742999,285.47781569999745,347.4774118690125,-167.2444645596828
1,1,2,1,374.32629836267057,332.1178372409677,30.92254387043485,737.3666794740731,638.3116523660503,0.17601184084794982,285.1259911489122,353.00964937629016,-173.15359727448697
1,1,3,1,407.46944700000336,327.1015439999956,6.704774999995308,741.2757659999942,652.464836099997,0.17604417428819066,284.16478859999734,368.12400332571144,-189.29764807999857
1,1,4,1,452.7438300000033,290.7273599999924,1.2993750000000008,744.7705649999957,663.403182749997,0.17608834258895192,285.43491899999844,377.79217540740956,-207.29158410031403
1,1,5,1,498.0182130000043,248.44881599999178,1.4293125000000007,747.8963414999961,672.6624770249975,0.17613251088971277,287.2216808999986,385.2646636141092,-224.47367062063006
1,1,6,1,531.1613616373372,217.4987737219549,1.524433351808482,750.1845687111006,679.4407508765289,0.17616484432995358,288.52968139182684,390.7349046403721,-237.0518309335455
1,1,7,1,543.2925960000047,206.1702719999956,1.559250000000001,751.0221180000003,681.9217713000008,0.17617667919047475,289.0084428000001,392.73715182081025,-241.6557571409462
1,1,8,1,531.1613616373372,217.49877372195445,1.524433351808482,750.1845687111002,679.4407508765286,0.17616484432995344,288.52968139182667,390.73490464037195,-237.0518309335455
1,1,9,1,498.0182130000043,248.44881599999204,1.4293125000000007,747.8963414999964,672.6624770249978,0.17613251088971285,287.2216808999987,385.26466361410934,-224.47367062063006
1,1,10,1,452.7438300000033,290.7273599999926,1.2993750000000008,744.7705649999959,663.4031827499971,0.17608834258895198,285.4349189999985,377.7921754074096,-207.29158410031403
1,1,11,1,407.46944700000336,327.1015439999958,6.704774999995266,741.2757659999944,652.4648360999971,0.1760441742881907,284.1647885999974,368.1240033257115,-189.2976480799988
1,1,12,1,374.32629836267057,332.1178372409676,30.92254387043485,737.3666794740731,638.3116523660502,0.17601184084794982,285.1259911489122,353.00964937629004,-173.15359727448686
1,1,13,1,362.1950640000033,333.953927999996,39.78686249999525,735.9358544999944,633.1312275749973,0.17600000598742999,285.4778156999974,347.4774118690124,-167.2444645596829
1,1,14,1,374.32629836267057,332.11783724096773,30.92254387043502,737.3666794740733,638.3116523660506,0.1760118408479499,285.12599114891236,353.0096493762902,-173.15359727448686
1,1,15,1,407.46944700000336,327.10154399999584,6.704774999995308,741.2757659999944,652.4648360999972,0.17604417428819072,284.16478859999745,368.12400332571156,-189.29764807999857
1,1,16,1,452.7438300000033,290.72735999999253,1.2993750000000008,744.7705649999959,663.4031827499971,0.17608834258895198,285.43491899999844,377.7921754074097,-207.29158410031403
1,1,17,1,498.0182130000043,248.44881599999187,1.4293125000000007,747.8963414999962,672.6624770249977,0.1761325108897128,287.22168089999866,385.2646636141093,-224.47367062063006
1,1,18,1,531.1613616373372,217.49877372195465,1.524433351808482,750.1845687111004,679.4407508765287,0.1761648443299535,288.5296813918267,390.734904640372,-237.0518309335455
1,1,19,1,543.2925960000047,206.1702719999956,1.559250000000001,751.0221180000003,681.9217713000008,0.17617667919047475,289.0084428000001,392.73715182081025,-241.6557571409462
1,1,20,1,531.1613616373372,217.4987737219549,1.524433351808482,750.1845687111006,679.4407508765289,0.17616484432995358,288.52968139182684,390.7349046403721,-237.0518309335455
1,1,21,1,498.0182130000043,248.44881599999212,1.4293125000000007,747.8963414999965,672.6624770249979,0.17613251088971288,287.2216808999988,385.2646636141094,-224.47367062063006
1,1,22,1,452.7438300000033,290.7273599999926,1.2993750000000008,744.7705649999959,663.4031827499971,0.17608834258895198,285.4349189999985,377.7921754074096,-207.29158410031403
1,1,23,1,407.46944700000336,327.1015439999957,6.704774999995266,741.2757659999944,652.4648360999971,0.17604417428819066,284.16478859999734,368.12400332571156,-189.2976480799989
1,1,24,1,374.32629836267057,332.1178372409678,30.922543870435106,737.3666794740735,638.3116523660506,0.17601184084794996,285.1259911489124,353.00964937629016,-173.15359727448686
1,1,25,1,362.1950640000033,333.95392799999604,39.78686249999538,735.9358544999948,633.1312275749974,0.17600000598743004,285.4778156999975,347.4774118690124,-167.2444645596829
1,1,26,1,374.32629836267057,332.11783724096756,30.922543870434808,737.366679474073,638.3116523660502,0.17601184084794982,285.1259911489122,353.00964937629004,-173.15359727448674
1,1,27,1,407.46944700000336,327.1015439999958,6.704774999995223,741.2757659999944,652.4648360999971,0.1760441742881907,284.1647885999974,368.1240033257115,-189.2976480799988
1,1,28,1,452.7438300000033,290.7273599999928,1.2993750000000008,744.7705649999962,663.4031827499973,0.17608834258895203,285.43491899999856,377.7921754074098,-207.29158410031403
1,1,29,1,498.0182130000043,248.44881599999178,1.4293125000000007,747.8963414999961,672.6624770249975,0.17613251088971277,287.2216808999986,385.2646636141092,-224.47367062063006
1,1,30,1,531.1613616373372,217.498773721955,1.524433351808482,750.1845687111007,679.440750876529,0.1761648443299536,288.52968139182684,390.73490464037224,-237.0518309335455
1,1,31,1,543.2925960000047,206.1702719999956,1.559250000000001,751.0221180000003,681.9217713000008,0.17617667919047475,289.0084428000001,392.73715182081025,-241.6557571409462
1,1,32,1,531.1613616373372,217.49877372195473,1.524433351808482,750.1845687111005,679.4407508765288,0.17616484432995352,288.5296813918267,390.7349046403721,-237.0518309335455
1,1,33,1,498.0182130000043,248.44881599999204,1.4293125000000007,747.8963414999964,672.6624770249978,0.17613251088971285,287.2216808999987,385.26466361410934,-224.47367062063006
1,1,34,1,452.7438300000033,290.72735999999253,1.2993750000000008,744.7705649999959,663.4031827499971,0.17608834258895198,285.43491899999844,377.7921754074097,-207.29158410031403
1,1,35,1,407.46944700000336,327.10154399999584,6.704774999995351,741.2757659999945,652.4648360999973,0.17604417428819075,284.16478859999745,368.12400332571167,-189.29764807999868
1,1,36,1,374.32629836267057,332.11783724096756,30.922543870434893,737.3666794740731,638.3116523660502,0.17601184084794982,285.12599114891225,353.00964937629,-173.15359727448674
1,1,37,1,362.1950640000033,333.95392799999615,39.786862499995294,735.9358544999948,633.1312275749975,0.17600000598743004,285.47781569999756,347.4774118690125,-167.2444645596829
1,1,38,1,374.32629836267057,332.1178372409677,30.922543870434893,737.3666794740731,638.3116523660503,0.17601184084794985,285.12599114891225,353.0096493762901,-173.15359727448686
1,1,39,1,407.46944700000336,327.10154399999584,6.704774999995308,741.2757659999944,652.4648360999972,0.17604417428819072,284.16478859999745,368.12400332571156,-189.29764807999857
1,1,40,1,452.7438300000033,290.72735999999253,1.2993750000000008,744.7705649999959,663.4031827499971,0.17608834258895198,285.43491899999844,377.7921754074097,-207.29158410031403
1,1,41,1,498.0182130000043,248.44881599999212,1.4293125000000007,747.8963414999965,672.6624770249979,0.17613251088971288,287.2216808999988,385.2646636141094,-224.47367062063006
1,1,42,1,531.1613616373372,217.49877372195465,1.524433351808482,750.1845687111004,679.4407508765287,0.1761648443299535,288.5296813918267,390.734904640372,-237.0518309335455
1,1,43,1,543.2925960000047,206.1702719999956,1.559250000000001,751.0221180000003,681.9217713000008,0.17617667919047475,289.0084428000001,392.73715182081025,-241.6557571409462
1,1,44,1,531.1613616373372,217.49877372195454,1.524433351808482,750.1845687111003,679.4407508765286,0.17616484432995347,288.52968139182667,390.73490464037195,-237.0518309335455
1,1,45,1,498.0182130000043,248.44881599999212,1.4293125000000007,747.8963414999965,672.6624770249979,0.17613251088971288,287.2216808999988,385.2646636141094,-224.47367062063006
1,1,46,1,452.7438300000033,290.7273599999927,1.2993750000000008,744.770564999996,663.4031827499972,0.176088342588952,285.43491899999856,377.7921754074097,-207.29158410031403
1,1,47,1,407.46944700000336,327.10154399999595,6.704774999995436,742.3984259999947,652.6332350999975,0.17618447359648967,284.9506505999975,367.5064000264035,-187.9877143974726
1,1,48,1,374.32629836267057,332.1178372409676,30.92254387043498,738.398023456337,638.4663539633899,0.1761407283538108,285.84793193649693,352.4422812985391,-171.9502122597554
1,4,1,1,1195.1117640000011,1285.4983680000043,921.4647750000022,3402.0749070000074,2670.5604964500058,0.6639937670144559,1400.635744200003,1269.2607584829884,-487.17689700515075
1,4,2,1,1235.1404180035927,1328.5543991971447,936.3384471074191,3500.0332643081565,2751.2130623702096,0.6827057619364989,1439.6599703988077,1310.8703862094653,-504.9907021267518
1,4,3,1,1421.318745000001,1520.2479600000045,976.9740750000025,3918.540780000008,3103.786917000006,0.7727691328950785,1603.8729630000034,1499.1411848671073,-590.0772282616231
1,4,4,1,1829.9427299999998,1929.1872599999992,987.3300937500012,4746.46008375,3824.8269530625,0.9786409540481898,1920.97642275,1902.8718893584514,-783.5835589702774
1,4,5,1,2182.571622000002,2298.8528640000054,1185.3288562500004,5666.753342250007,4564.456203037506,1.2252921199658922,2294.183395350003,2269.047515567537,-933.6850459767074
1,4,6,1,2327.821923678367,2408.2129268408084,1100.2739021890338,5836.30875270821,4743.151815171064,1.2639543324282363,2349.624268504671,2392.263592333965,-1008.9913871813587
1,4,7,1,2380.9872240000004,2448.241488000001,1062.732825000001,5891.961537000003,4805.034106950002,1.2769719626620482,2366.7553602000007,2437.001774787339,-1037.1548987768956
1,4,8,1,2327.821923678367,2408.212926840808,1100.2739021890343,5836.30875270821,4743.151815171064,1.2639543324282365,2349.624268504671,2392.263592333965,-1008.9913871813587
1,4,9,1,2182.571622000002,2298.852864000006,1185.3288562500004,5666.753342250008,4564.456203037507,1.2252921199658924,2294.1833953500027,2269.0475155675385,-933.6850459767084
1,4,10,1,1686.8624850000006,1941.883020000001,1101.6750937500005,4730.420598750003,3761.947078312502,0.9786409540481904,1926.5987317500003,1834.3697056084534,-712.5266307202774
1,4,11,1,1421.318745000001,1520.2479600000047,976.9740750000028,3918.5407800000085,3103.786917000006,0.7727691328950785,1603.8729630000032,1499.1411848671075,-590.0772282616231
1,4,12,1,1235.140418003593,1328.5543991971447,936.3384471074188,3500.0332643081565,2751.213062370209,0.6827057619364988,1439.6599703988077,1310.8703862094649,-504.9907021267518
1,4,13,1,1195.1117640000011,1285.4983680000041,921.4647750000022,3402.0749070000074,2670.5604964500053,0.6639937670144559,1400.635744200003,1269.260758482988,-487.17689700515075
1,4,14,1,1235.140418003593,1328.554399197145,936.3384471074188,3500.0332643081565,2751.213062370209,0.6827057619364988,1439.6599703988077,1310.8703862094649,-504.9907021267518
1,4,15,1,1421.3187450000012,1520.2479600000045,976.9740750000027,3918.5407800000085,3103.7869170000067,0.7727691328950789,1603.8729630000034,1499.1411848671082,-590.0772282616226
1,4,16,1,1749.3901424999945,1938.1269600000046,1050.0249375000012,4737.54204,3789.935918999999,0.9786409540481898,1923.9849089999998,1864.972369045951,-743.8257158452761
1,4,17,1,2182.5716220000027,2298.852864000006,1185.3288562500002,5666.753342250009,4564.456203037507,1.2252921199658924,2294.183395350003,2269.047515567538,-933.6850459767084
1,4,18,1,2327.8219236783675,2408.212926840809,1100.2739021890338,5836.30875270821,4743.151815171065,1.2639543324282363,2349.624268504671,2392.263592333966,-1008.9913871813596
1,4,19,1,2380.9872240000004,2448.241488000001,1062.7328250000012,5891.961537000003,4805.034106950002,1.2769719626620482,2366.755360200001,2437.0017747873385,-1037.1548987768947
1,4,20,1,2327.8219236783675,2408.212926840808,1100.2739021890334,5836.30875270821,4743.151815171064,1.2639543324282363,2349.624268504671,2392.263592333965,-1008.9913871813587
1,4,21,1,2182.571622000002,2298.852864000006,1185.3288562500002,5666.753342250008,4564.456203037507,1.2252921199658922,2294.1833953500027,2269.0475155675385,-933.6850459767084
1,4,22,1,1847.2902524999945,1876.4776800000045,1021.4386875000009,4745.20662,3817.899161999999,0.9786409540481898,1924.7721569999999,1892.1483640459505,-785.1628193452743
1,4,23,1,1421.318745000001,1520.2479600000047,976.9740750000026,3918.5407800000085,3103.786917000006,0.7727691328950788,1603.8729630000032,1499.1411848671075,-590.0772282616231
1,4,24,1,1235.140418003593,1328.5543991971447,936.338447107419,3500.033264308157,2751.2130623702096,0.682705761936499,1439.6599703988077,1310.8703862094653,-504.99070212675224
1,4,25,1,1195.1117640000011,1285.4983680000041,921.464775000002,3402.0749070000074,2670.5604964500053,0.6639937670144559,1400.6357442000028,1269.2607584829882,-487.1768970051503
1,4,26,1,1235.140418003593,1328.5543991971447,936.3384471074187,3500.0332643081565,2751.213062370209,0.682705761936499,1439.6599703988077,1310.8703862094649,-504.99070212675133
1,4,27,1,1421.318745000001,1520.2479600000047,976.9740750000026,3918.5407800000085,3103.786917000006,0.7727691328950785,1603.8729630000032,1499.1411848671075,-590.0772282616235
1,4,28,1,1825.038888749995,1931.030640000005,989.928843750001,4745.998372500001,3823.072320375,0.9786409540481901,1921.0458959999999,1901.0477834209516,-781.3418339077771
1,4,29,1,2182.571622000002,2298.8528640000063,1185.3288562500006,5666.753342250009,4564.456203037507,1.225292119965892,2294.183395350003,2269.047515567538,-933.6850459767093
1,4,30,1,2327.8219236783675,2408.212926840808,1100.2739021890338,5836.30875270821,4743.151815171064,1.2639543324282365,2349.624268504671,2392.263592333965,-1008.9913871813587
1,4,31,1,2380.9872240000004,2448.2414880000006,1062.7328250000014,5891.961537000003,4805.034106950002,1.2769719626620484,2366.7553602000007,2437.001774787339,-1037.1548987768938
1,4,32,1,2327.8219236783675,2408.2129268408084,1100.2739021890334,5836.30875270821,4743.151815171064,1.2639543324282365,2349.624268504671,2392.263592333965,-1008.9913871813606
1,4,33,1,2182.5716220000027,2298.8528640000054,1185.3288562500002,5666.753342250008,4564.456203037507,1.2252921199658922,2294.1833953500027,2269.0475155675385,-933.6850459767074
1,4,34,1,1683.5638050000007,1946.3736599999986,1100.375718750001,4730.3131837500005,3761.6911880625003,0.9786409540481895,1926.3610327499998,1834.351514358452,-711.465647720278
1,4,35,1,1421.3187450000014,1520.2479600000047,976.9740750000025,3918.5407800000085,3103.7869170000063,0.7727691328950788,1603.8729630000034,1499.1411848671078,-590.077228261624
1,4,36,1,1235.1404180035931,1328.554399197145,936.3384471074188,3500.0332643081565,2751.2130623702096,0.6827057619364988,1439.6599703988077,1310.8703862094653,-504.9907021267518
1,4,37,1,1195.111764000001,1285.4983680000043,921.4647750000022,3402.0749070000074,2670.5604964500053,0.6639937670144559,1400.635744200003,1269.260758482988,-487.17689700515075
1,4,38,1,1235.1404180035927,1328.5543991971444,936.3384471074189,3500.0332643081556,2751.213062370209,0.6827057619364988,1439.6599703988077,1310.8703862094649,-504.9907021267509
1,4,39,1,1421.318745000001,1520.247960000005,976.9740750000024,3918.540780000008,3103.7869170000063,0.7727691328950785,1603.8729630000032,1499.141184867108,-590.0772282616231
1,4,40,1,1820.0466899999997,1935.7291799999994,989.9288437500012,4745.70471375,3822.0885635625,0.9786409540481897,1920.86970075,1900.2402218584516,-779.4477349702775
1,4,41,1,2182.571622000002,2298.852864000006,1185.3288562500002,5666.753342250008,4564.456203037507,1.2252921199658922,2294.183395350003,2269.047515567538,-933.6850459767074
1,4,42,1,2327.8219236783675,2408.2129268408084,1100.2739021890338,5836.30875270821,4743.151815171064,1.2639543324282365,2349.624268504671,2392.263592333965,-1008.9913871813606
1,4,43,1,2380.9872240000004,2448.241488000001,1062.7328250000014,5891.961537000003,4805.034106950002,1.2769719626620486,2366.755360200001,2437.0017747873385,-1037.1548987768947
1,4,44,1,2327.8219236783675,2408.212926840808,1100.2739021890343,5836.30875270821,4743.151815171064,1.2639543324282365,2349.6242685046714,2392.2635923339644,-1008.9913871813596
1,4,45,1,2182.571622000002,2298.8528640000054,1185.3288562500002,5666.753342250007,4564.456203037506,1.225292119965892,2294.183395350003,2269.047515567537,-933.6850459767074
1,4,46,1,1789.5339000000004,1882.326599999997,1066.9168125000006,4738.777312499998,3792.7227318749983,0.978640954048189,1926.9783224999992,1864.7657684209507,-756.5792547202764
1,4,47,1,1690.4566770987196,1807.6489200000049,1188.6422625000027,5290.026882098726,3796.2980769937885,1.168317943315984,2342.855455476564,1452.2743035739081,4.8160088819622615
1,4,48,1,1640.4901163216364,1764.560797387981,1203.8670565330501,5411.02759647131,3752.5575734434133,1.2359949511975996,2453.9909480774045,1297.3306304148114,261.74865854829113
1,7,1,1,303.4785599999956,298.6829999999957,170.4780000000004,772.6395599999917,621.0139319999926,0.13492753284535494,313.92969299999686,306.9493114671503,-128.2901345450116
1,7,2,1,313.6431643840199,303.7337350976494,176.18793030340947,793.5648297850787,637.8513559098136,0.13856482673569584,322.58687578392,315.12591529915795,-132.34040577287124
1,7,3,1,341.41337999999433,430.49714400000136,227.24249625000436,999.15302025,793.7237991374981,0.19124055294273626,406.0914511500004,387.4411074345549,-145.69520857156397
1,7,4,1,496.0390050000016,461.8983600000008,216.21599999999785,1174.1533650000003,959.6745427500009,0.22974728367394057,472.45829399999985,486.98650146632707,-214.19276575238155
1,7,5,1,417.28301999999314,408.7521900000058,335.5311093750007,1161.5663193749997,907.9627311562485,0.22193860793566728,480.81474787499985,426.9260446733131,-166.82137924907192
1,7,6,1,556.4143853851149,369.03066490235113,250.00706969659151,1175.4521199840576,961.3220863708655,0.21622226055542074,477.74302294998006,483.36284116032994,-232.15965100722383
1,7,7,1,455.217840000001,458.18387999999936,255.71699999999987,1169.1187200000002,939.6484020000004,0.2141299321973939,474.7043070000001,464.72996506780294,-192.9294757457701
1,7,8,1,556.4143853851147,369.0306649023512,250.00706969659154,1175.4521199840574,961.3220863708652,0.21622226055542074,477.74302294997995,483.3628411603298,-232.15965100722383
1,7,9,1,417.2830199999999,493.29957600000193,256.26793499999815,1166.850531,932.0058940500005,0.22193860793566714,473.41685159999975,458.36710384206515,-178.4466448240753
1,7,10,1,496.0390050000008,367.16525999999817,305.0282812500011,1168.23254625,932.7348174374999,0.2297472836739406,480.7474402500002,451.7576299038258,-201.16696450238078
1,7,11,1,446.43510450000053,369.4715640000002,191.78775000000047,1007.6944185000011,825.1738629750009,0.1912405529427364,406.48899060000053,418.49363182205764,-190.74171584656688
1,7,12,1,313.6431643840198,303.7337350976495,176.18793030340942,793.5648297850788,637.8513559098136,0.1385648267356958,322.58687578392,315.12591529915795,-132.34040577287135
1,7,13,1,303.47855999999575,298.6830000000006,170.4780000000004,772.6395599999968,621.0139319999967,0.13492753284535633,313.9296929999988,306.9493114671525,-128.29013454501194
1,7,14,1,313.64316438401545,303.7337350976494,176.18793030340944,793.5648297850743,637.8513559098094,0.13856482673569465,322.5868757839183,315.12591529915545,-132.3404057728693
1,7,15,1,341.4133799999944,380.06199000000345,274.52545312500064,996.0008231249985,779.3813022187477,0.19124055294273573,410.5045271249994,368.6855345408055,-138.7603748965647
1,7,16,1,395.3850862499978,461.8983600000008,305.0282812500011,1162.3117274999997,912.9000746249992,0.2297472836739405,477.19494900000007,435.47537834132515,-162.9776835648795
1,7,17,1,545.6429054999951,395.80833600000403,234.40725000000063,1175.8584914999997,963.9314165249989,0.22193860793566722,475.90686989999983,487.80260801706345,-230.3541292990733
1,7,18,1,556.4143853851157,369.0306649023512,250.0070696965908,1175.4521199840576,961.3220863708657,0.21622226055542068,477.74302294997995,483.3628411603303,-232.1596510072245
1,7,19,1,455.21784000000093,458.18387999999936,255.71699999999993,1169.1187200000002,939.6484020000005,0.21412993219739393,474.70430700000003,464.7299650678031,-192.9294757457701
1,7,20,1,556.4143853851157,369.03066490235113,250.0070696965908,1175.4521199840576,961.3220863708657,0.21622226055542068,477.74302294998,483.3628411603302,-232.1596510072245
1,7,21,1,417.28301999999303,493.29957600000205,256.26793500000434,1166.8505309999994,932.0058940499976,0.22193860793566728,473.41685160000014,458.3671038420618,-178.4466448240721
1,7,22,1,496.03900500000157,461.8983600000008,216.21599999999776,1174.1533650000001,959.6745427500009,0.2297472836739405,472.4582939999998,486.9865014663271,-214.19276575238155
1,7,23,1,341.4133799999944,380.0619900000038,274.5254531250006,996.0008231249988,779.381302218748,0.1912405529427358,410.5045271249995,368.68553454080575,-138.7603748965647
1,7,24,1,313.6431643840198,303.7337350976495,176.18793030340942,793.5648297850788,637.8513559098136,0.13856482673569584,322.58687578392005,315.1259152991579,-132.34040577287135
1,7,25,1,303.4785599999957,298.6829999999951,170.4780000000004,772.6395599999912,621.0139319999921,0.13492753284535478,313.9296929999967,306.94931146715004,-128.2901345450117
1,7,26,1,313.64316438401505,303.73373509764946,176.18793030340947,793.5648297850739,637.8513559098091,0.13856482673569462,322.5868757839182,315.1259152991552,-132.3404057728692
1,7,27,1,446.4351044999953,317.53260000000057,240.48052875000343,1004.4482332499992,810.403720087498,0.19124055294273604,411.03364995000015,399.17882958455505,-183.60010829656449
1,7,28,1,395.3850862499979,461.8983600000009,305.0282812500011,1162.3117275,912.9000746249993,0.2297472836739406,477.19494900000007,435.47537834132527,-162.97768356487973
1,7,29,1,545.6429055000019,395.80833599999755,234.4072500000006,1175.8584915000001,963.931416525,0.2219386079356672,475.9068699000002,487.80260801706424,-230.35412929907557
1,7,30,1,445.0532356159732,473.84115880272054,250.00706969659078,1168.9014641152846,939.3773892104759,0.21622226055542074,473.81262942871615,465.3485375212043,-189.90792065363803
1,7,31,1,544.5767249999994,374.0814000000006,255.71699999999984,1174.3751249999998,957.2573587499999,0.21412993219739385,477.8581499999999,479.1850788178026,-226.83328799576952
1,7,32,1,556.4143853851158,369.0306649023511,250.00706969659072,1175.4521199840576,961.3220863708657,0.21622226055542082,477.74302294997995,483.3628411603303,-232.15965100722428
1,7,33,1,417.28301999999314,408.7521900000057,335.5311093750007,1161.5663193749997,907.9627311562485,0.22193860793566728,480.81474787499985,426.9260446733131,-166.82137924907215
1,7,34,1,496.0390050000017,461.8983600000008,216.21599999999773,1174.1533650000001,959.674542750001,0.22974728367394057,472.4582939999998,486.98650146632724,-214.19276575238155
1,7,35,1,341.4133799999942,380.0619900000045,274.5254531250006,996.0008231249993,779.3813022187485,0.19124055294273604,410.50452712499975,368.685534540806,-138.7603748965646
1,7,36,1,313.64316438401534,303.73373509764946,176.18793030340942,793.5648297850743,637.8513559098093,0.13856482673569465,322.58687578391823,315.1259152991554,-132.3404057728693
1,7,37,1,303.47855999999496,298.68299999999556,170.4780000000004,772.6395599999909,621.0139319999919,0.13492753284535475,313.9296929999965,306.94931146715,-128.29013454501148
1,7,38,1,313.6431643840199,303.73373509764946,176.18793030340942,793.5648297850788,637.8513559098136,0.1385648267356958,322.58687578392,315.12591529915795,-132.34040577287135
1,7,39,1,446.43510449999513,317.5326000000005,240.48052875000366,1004.4482332499992,810.4037200874978,0.19124055294273604,411.03364995000015,399.17882958455493,-183.60010829656449
1,7,40,1,395.38508624999787,461.8983600000008,305.0282812500011,1162.3117274999997,912.9000746249993,0.22974728367394057,477.19494899999995,435.4753783413254,-162.9776835648795
1,7,41,1,545.642905500001,395.80833599999823,234.40725000000057,1175.8584915,963.9314165249998,0.22193860793566714,475.90686990000006,487.80260801706413,-230.35412929907534
1,7,42,1,556.4143853851149,369.0306649023512,250.00706969659154,1175.4521199840576,961.3220863708655,0.21622226055542082,477.74302294998006,483.36284116032994,-232.1596510072236
1,7,43,1,455.217840000001,458.18387999999914,255.71699999999996,1169.11872,939.6484020000003,0.2141299321973939,474.70430700000003,464.7299650678029,-192.92947574576988
1,7,44,1,556.4143853851148,369.03066490235113,250.00706969659154,1175.4521199840574,961.3220863708652,0.21622226055542068,477.74302294998006,483.3628411603297,-232.15965100722383
1,7,45,1,545.642905500001,395.8083359999983,234.40725000000066,1175.8584915,963.931416525,0.2219386079356672,475.90686990000006,487.80260801706436,-230.3541292990751
1,7,46,1,496.0390050000009,367.16525999999806,305.0282812500011,1168.23254625,932.7348174374999,0.2297472836739406,480.7474402500002,451.7576299038258,-201.16696450238078
1,7,47,1,341.4133799999951,317.53260000000057,257.8479750000033,1100.9101949999995,747.8026132499978,0.21275193059652223,507.70981800000027,239.880043319401,77.63690658569908
1,7,48,1,313.64316438401977,407.5098584685558,216.71721024750212,1107.0106461913508,768.5344205394806,0.22048581234626732,499.8956559843201,268.4182787428142,63.679577276396685
1,8,1,1,2789.0339400000094,2999.2208400000072,1861.3287000000014,7649.5834800000175,6072.689700000015,1.548106105013163,3125.764719000006,2945.376874894996,-1163.8718512108253
1,8,2,1,2882.448863985753,3076.386597377859,1911.336681832478,7870.1721431960905,6250.670873696616,1.5943117905470987,3215.639452875973,3033.4371090300956,-1202.84753839105
1,8,3,1,3060.845172000009,3091.08492,1967.6227724999976,8119.552864500007,6462.863374275007,1.6412065016498645,3318.1788717000018,3143.043296073355,-1274.3551539814125
1,8,4,1,3038.0842799999996,3109.1999400000054,1970.7230812500036,8118.007301250009,6457.437712687505,1.6668762832086488,3317.6649082500026,3138.105928154294,-1265.2347437529243
1,8,5,1,3332.9023323750125,3259.3744259999985,1569.8009249999996,8162.077683375011,6637.14726530626,1.7014781776580656,3290.6508500250034,3344.794937103599,-1435.8537286448218
1,8,6,1,3403.591904563164,3426.31613018524,1350.9199253956153,8180.827960144019,6717.471172450786,1.6645473774560955,3272.7168828058243,3443.0897422675057,-1494.8198165172435
1,8,7,1,3595.231332000001,3394.070064000002,1212.0570000000087,8201.35839600001,6797.357166600008,1.6589004739076239,3266.5200876000054,3529.1781785260946,-1587.903220313775
1,8,8,1,3403.591904563164,3426.31613018524,1350.9199253956149,8180.827960144019,6717.471172450786,1.6645473774560948,3272.716882805824,3443.089742267506,-1494.8198165172444
1,8,9,1,3335.996317500005,3172.2962040000025,1648.7067712500045,8156.999292750012,6613.822189012509,1.7014781776580665,3298.1245951500046,3313.9961156848462,-1425.4547655510678
1,8,10,1,3182.401530000001,3189.823560000007,1767.7996875000017,8140.02477750001,6547.430129625008,1.6668838678114892,3303.8189415000033,3241.944304257193,-1349.7524951542227
1,8,11,1,2955.8234475000027,3152.110500000001,2003.0775187500021,8111.0114662500055,6431.413310437505,1.6412062664079505,3317.7813322500024,3111.990771921095,-1229.3086469808604
1,8,12,1,2882.4488639857527,3076.3865973778593,1911.336681832478,7870.1721431960905,6250.670873696616,1.5943117905470983,3215.6394528759724,3033.437109030096,-1202.8475383910509
1,8,13,1,2789.0339400000094,2999.220840000003,1861.3287000000005,7649.583480000012,6072.689700000013,1.548106105013162,3125.7647190000043,2945.376874894995,-1163.8718512108226
1,8,14,1,2882.448863985757,3076.3865973778584,1911.336681832478,7870.172143196092,6250.670873696619,1.5943117905470994,3215.6394528759743,3033.437109030098,-1202.8475383910509
1,8,15,1,3060.8451720000085,3141.520073999998,1920.3398156250014,8122.705061625008,6477.205871193757,1.641217306269703,3313.7657957250026,3161.7988581624845,-1281.2899750510223
1,8,16,1,3220.9401262500096,3099.8167200000003,1818.1764562500002,8138.93330250001,6539.74354687501,1.6669048194743536,3309.8809590000037,3228.195683055532,-1356.985874773116
1,8,17,1,3206.2109310000105,3270.366792,1671.2821125000005,8147.85983550001,6581.398979925009,1.7014781776580652,3295.6509663000043,3284.046535447347,-1372.9016129760703
1,8,18,1,3403.591904563163,3426.316130185239,1350.9199253956176,8180.82796014402,6717.471172450785,1.664547377456096,3272.7168828058248,3443.0897422675043,-1494.8198165172425
1,8,19,1,3595.2313320000007,3394.0700640000027,1212.057000000007,8201.35839600001,6797.357166600007,1.6589004739076234,3266.5200876000044,3529.1781785260946,-1587.9032203137767
1,8,20,1,3403.5919045631626,3426.3161301852397,1350.9199253956142,8180.827960144016,6717.471172450783,1.6645473774560948,3272.716882805823,3443.0897422675043,-1494.8198165172425
1,8,21,1,3331.914201000011,3177.754272000002,1647.191699999997,8156.860173000009,6613.47734355001,1.7014781776580659,3297.839113800003,3313.9367515723493,-1424.128172976073
1,8,22,1,3032.2821375000053,3155.70024,1932.2485875000039,8120.23096500001,6467.964945750007,1.66690348964677,3313.869174000004,3152.4288682603565,-1268.6762366370813
1,8,23,1,3060.845172000009,3141.5200739999977,1920.3398156250014,8122.705061625008,6477.205871193757,1.641205804178225,3313.765795725003,3161.798869664576,-1281.2899884701283
1,8,24,1,2882.4488639857523,3076.386597377859,1911.3366818324778,7870.172143196089,6250.670873696616,1.5943117905470983,3215.639452875972,3033.4371090300965,-1202.847538391049
1,8,25,1,2789.033940000009,2999.2208400000077,1861.328700000001,7649.5834800000175,6072.689700000015,1.5481061050131633,3125.764719000006,2945.376874894996,-1163.8718512108235
1,8,26,1,2882.4488639857577,3076.386597377859,1911.3366818324778,7870.172143196094,6250.670873696619,1.594311790547099,3215.6394528759743,3033.437109030098,-1202.8475383910527
1,8,27,1,2955.8234475000077,3204.049464000001,1954.384739999998,8114.257651500006,6446.183453325008,1.6412241530475153,3313.2366729000028,3131.305556271957,-1236.450233663114
1,8,28,1,3142.4050350000084,3112.6788000000006,1875.4139249999992,8130.4977600000075,6506.905482000009,1.6668824646141078,3312.451296000004,3192.7873035353914,-1318.793934541287
1,8,29,1,3208.090000500003,3272.4097560000073,1667.7088312499998,8148.20858775001,6582.853162462508,1.7014781776580656,3295.383780150003,3285.7679041348474,-1374.1386353010694
1,8,30,1,3514.9530543323062,3321.50563628487,1350.9199253956165,8187.378616012793,6739.415869611176,1.664547377456096,3276.647276327088,3461.104045906632,-1537.0715468708295
1,8,31,1,3505.8724470000025,3478.1725440000014,1212.057000000007,8196.10199100001,6779.748209850008,1.6589004739076239,3263.3662446000053,3514.7230647760944,-1553.9994080637744
1,8,32,1,3403.5919045631636,3426.3161301852397,1350.9199253956153,8180.827960144019,6717.471172450786,1.6645473774560953,3272.716882805824,3443.089742267506,-1494.8198165172435
1,8,33,1,3334.765203000012,3261.8137859999983,1565.8703156250008,8162.449304625012,6638.706645243761,1.7014781776580659,3290.3497415250044,3346.655425541099,-1437.1370130510704
1,8,34,1,3184.463204999999,3091.1265000000058,1858.5090562500031,8134.0987612500085,6520.321225687506,1.6668689003727521,3312.357914250003,3206.29644253713,-1337.2306956162329
1,8,35,1,3060.8451720000085,3141.5200739999977,1920.3398156250012,8122.705061625008,6477.205871193757,1.6412184081923527,3313.765795725003,3161.798857060561,-1281.2899737654452
1,8,36,1,2882.4488639857577,3076.3865973778593,1911.336681832478,7870.172143196094,6250.67087369662,1.5943117905470994,3215.6394528759743,3033.437109030099,-1202.8475383910527
1,8,37,1,2789.0339400000094,2999.2208400000077,1861.328700000001,7649.583480000018,6072.689700000016,1.548115643086868,3125.764719000006,2945.376865356923,-1163.8718400830703
1,8,38,1,2882.448863985753,3076.3865973778584,1911.336681832478,7870.172143196089,6250.670873696616,1.5943117905470983,3215.639452875972,3033.4371090300965,-1202.8475383910518
1,8,39,1,2955.823447500008,3204.0494640000006,1954.3847399999981,8114.257651500007,6446.183453325008,1.6412159154534753,3313.2366729000028,3131.3055645095515,-1236.4502432736408
1,8,40,1,3153.9945937500042,3101.770980000005,1875.4139250000003,8131.179498750009,6509.189306812508,1.666881295282956,3312.8603392500027,3194.6620862672225,-1323.1911508430076
1,8,41,1,3207.539238750004,3269.8789200000047,1670.5674562500003,8147.985615000009,6581.877513750008,1.7014781776580659,3295.6311465000035,3284.5448890723465,-1373.5104048135681
1,8,42,1,3403.5919045631645,3426.316130185239,1350.9199253956142,8180.827960144017,6717.471172450785,1.6645473774560948,3272.7168828058234,3443.0897422675057,-1494.8198165172435
1,8,43,1,3595.2313320000007,3394.0700640000023,1212.057000000005,8201.358396000007,6797.357166600006,1.6589004739076232,3266.520087600003,3529.178178526095,-1587.903220313775
1,8,44,1,3403.5919045631636,3426.316130185239,1350.919925395617,8180.82796014402,6717.471172450786,1.6645473774560955,3272.716882805825,3443.089742267505,-1494.8198165172425
1,8,45,1,3201.0434898750045,3278.660616000006,1668.0661593750017,8147.770265250013,6581.35619583751,1.7014781776580663,3295.168430400004,3284.4862872598483,-1371.4126981448198
1,8,46,1,3080.9671200000007,3246.3585000000103,1804.2991312500005,8131.624751250011,6516.370086187509,1.6668903656242016,3303.645518250004,3211.05767757188,-1305.9138273234394
1,8,47,1,2791.7072399012895,2916.6485040000007,1725.3491062499984,7948.330811926857,6011.576583810061,1.6422897956160702,3388.9928693663383,2620.941424648106,-573.0679105650524
1,8,48,1,2485.281161260336,2560.806281266575,1624.765125426584,7749.128142831473,5465.024283426897,1.691985917739996,3481.5199157069533,1981.8123818022036,223.6672664653679
1,9,1,1,65.64373200000006,70.60838400000002,51.715125000000015,187.96724100000006,147.29157135000008,0.05858753789516986,77.47615260000003,69.75683121210488,-26.630443072455677
1,9,2,1,67.84238012219569,72.97331643395836,53.44725324752809,194.26294980368215,152.22490354939305,0.06054984832836219,80.07111166523009,72.0932420358346,-27.52239378687412
1,9,3,1,73.84919850000003,79.43443200000003,58.17951562500003,211.4631461250001,165.70301776875007,0.06591098013206609,87.16067167500003,78.47643511361798,-29.959248456512626
1,9,4,1,82.05466500000006,88.26048000000007,64.64390625000003,234.9590512500002,184.11446418750012,0.07323442236896233,96.84519075000006,87.1960390151311,-33.2880538405696
1,9,5,1,90.26013150000009,97.08652800000006,71.10829687500005,258.4549563750002,202.52591060625014,0.08055786460585858,106.52970982500008,95.9156429166442,-36.61685922462655
1,9,6,1,96.26694987780445,103.5476435660417,75.84055925247198,275.6551526963181,216.0040248256072,0.08591899640956248,113.61926983477002,102.2988359944276,-39.05371389426503
1,9,7,1,98.46559800000009,105.91257600000004,77.57268750000003,281.95086150000014,220.93735702500015,0.08788130684275479,116.21422890000008,104.63524681815733,-39.9456646086835
1,9,8,1,96.26694987780445,103.54764356604173,75.84055925247199,275.65515269631817,216.00402482560722,0.08591899640956248,113.61926983477002,102.29883599442763,-39.05371389426509
1,9,9,1,90.26013150000009,97.08652800000006,71.10829687500005,258.4549563750002,202.52591060625014,0.08055786460585858,106.52970982500008,95.9156429166442,-36.61685922462655
1,9,10,1,82.05466500000006,88.26048000000007,64.64390625000001,234.95905125000016,184.11446418750012,0.07323442236896234,96.84519075000006,87.1960390151311,-33.288053840569575
1,9,11,1,73.84919850000003,79.43443200000003,58.17951562500002,211.4631461250001,165.70301776875007,0.06591098013206607,87.16067167500003,78.47643511361798,-29.959248456512626
1,9,12,1,67.84238012219569,72.97331643395836,53.44725324752809,194.26294980368215,152.22490354939305,0.06054984832836219,80.07111166523009,72.0932420358346,-27.52239378687409
1,9,13,1,65.64373200000004,70.60838400000003,51.715125000000015,187.96724100000006,147.29157135000008,0.05858753789516986,77.47615260000003,69.75683121210488,-26.630443072455677
1,9,14,1,67.84238012219569,72.97331643395836,53.447253247528096,194.26294980368215,152.22490354939305,0.06054984832836219,80.07111166523009,72.0932420358346,-27.52239378687409
1,9,15,1,73.84919850000003,79.43443200000003,58.17951562500003,211.4631461250001,165.70301776875007,0.06591098013206609,87.16067167500003,78.47643511361798,-29.959248456512626
1,9,16,1,82.05466500000006,88.26048000000007,64.64390625000001,234.95905125000016,184.11446418750012,0.07323442236896233,96.84519075000006,87.1960390151311,-33.288053840569575
1,9,17,1,90.26013150000009,97.08652800000007,71.10829687500005,258.4549563750002,202.5259106062502,0.08055786460585858,106.52970982500008,95.91564291664426,-36.61685922462655
1,9,18,1,96.26694987780445,103.54764356604173,75.84055925247198,275.65515269631817,216.0040248256072,0.08591899640956248,113.61926983477001,102.29883599442762,-39.05371389426506
1,9,19,1,98.46559800000009,105.91257600000003,77.57268750000003,281.95086150000014,220.9373570250001,0.08788130684275479,116.21422890000005,104.6352468181573,-39.9456646086835
1,9,20,1,96.26694987780445,103.54764356604171,75.84055925247196,275.6551526963181,216.00402482560716,0.08591899640956248,113.61926983477001,102.29883599442759,-39.05371389426506
1,9,21,1,90.26013150000009,97.08652800000007,71.10829687500004,258.45495637500017,202.52591060625016,0.08055786460585858,106.52970982500008,95.91564291664423,-36.61685922462655
1,9,22,1,82.05466500000006,88.26048000000007,64.64390625000001,234.95905125000016,184.11446418750012,0.07323442236896233,96.84519075000006,87.1960390151311,-33.288053840569575
1,9,23,1,73.84919850000003,79.43443200000003,58.179515625000015,211.4631461250001,165.70301776875007,0.06591098013206607,87.16067167500003,78.47643511361798,-29.959248456512626
1,9,24,1,67.84238012219569,72.97331643395836,53.44725324752809,194.26294980368215,152.22490354939305,0.06054984832836218,80.07111166523009,72.0932420358346,-27.52239378687412
1,9,25,1,65.64373200000004,70.60838400000003,51.715125000000015,187.96724100000006,147.29157135000008,0.05858753789516986,77.47615260000003,69.75683121210488,-26.630443072455677
1,9,26,1,67.84238012219569,72.97331643395836,53.44725324752809,194.26294980368215,152.22490354939305,0.06054984832836219,80.0711116652301,72.09324203583459,-27.52239378687409
1,9,27,1,73.84919850000003,79.43443200000003,58.17951562500002,211.4631461250001,165.70301776875007,0.06591098013206607,87.16067167500003,78.47643511361798,-29.959248456512626
1,9,28,1,82.05466500000006,88.26048000000007,64.64390625000001,234.95905125000016,184.11446418750012,0.07323442236896233,96.84519075000006,87.1960390151311,-33.288053840569575
1,9,29,1,90.26013150000009,97.08652800000007,71.10829687500004,258.45495637500017,202.52591060625016,0.08055786460585858,106.52970982500008,95.91564291664423,-36.61685922462655
1,9,30,1,96.26694987780445,103.54764356604174,75.84055925247199,275.65515269631817,216.00402482560722,0.08591899640956248,113.61926983477002,102.29883599442763,-39.05371389426509
1,9,31,1,98.46559800000009,105.91257600000004,77.57268750000003,281.95086150000014,220.93735702500015,0.08788130684275479,116.21422890000005,104.63524681815736,-39.9456646086835
1,9,32,1,96.26694987780445,103.54764356604173,75.84055925247198,275.65515269631817,216.0040248256072,0.08591899640956248,113.61926983477001,102.29883599442762,-39.05371389426506
1,9,33,1,90.26013150000009,97.08652800000006,71.10829687500005,258.4549563750002,202.52591060625014,0.08055786460585858,106.52970982500008,95.9156429166442,-36.61685922462655
1,9,34,1,82.05466500000006,88.26048000000007,64.64390625000003,234.9590512500002,184.11446418750012,0.07323442236896234,96.84519075000006,87.1960390151311,-33.2880538405696
1,9,35,1,73.84919850000003,79.43443200000003,58.17951562500001,211.4631461250001,165.70301776875007,0.06591098013206609,87.16067167500003,78.47643511361798,-29.959248456512597
1,9,36,1,67.84238012219569,72.97331643395836,53.44725324752809,194.26294980368215,152.22490354939305,0.06054984832836218,80.0711116652301,72.09324203583459,-27.52239378687409
1,9,37,1,65.64373200000004,70.60838400000003,51.71512500000002,187.9672410000001,147.29157135000008,0.05858753789516986,77.47615260000003,69.75683121210488,-26.630443072455705
1,9,38,1,67.84238012219569,72.97331643395836,53.44725324752808,194.26294980368215,152.22490354939305,0.06054984832836219,80.07111166523009,72.0932420358346,-27.52239378687409
1,9,39,1,73.84919850000003,79.43443200000003,58.17951562500003,211.4631461250001,165.70301776875007,0.06591098013206609,87.16067167500003,78.47643511361798,-29.959248456512626
1,9,40,1,82.05466500000006,88.26048000000007,64.64390625000001,234.95905125000016,184.11446418750012,0.07323442236896233,96.84519075000006,87.1960390151311,-33.288053840569575
1,9,41,1,90.26013150000009,97.08652800000007,71.10829687500006,258.4549563750002,202.5259106062502,0.08055786460585858,106.52970982500008,95.91564291664426,-36.61685922462655
1,9,42,1,96.26694987780445,103.54764356604171,75.84055925247198,275.6551526963181,216.0040248256072,0.08591899640956248,113.61926983477001,102.29883599442762,-39.05371389426506
1,9,43,1,98.46559800000009,105.91257600000002,77.57268750000003,281.95086150000014,220.9373570250001,0.08788130684275479,116.21422890000005,104.6352468181573,-39.9456646086835
1,9,44,1,96.26694987780445,103.54764356604174,75.84055925247198,275.65515269631817,216.0040248256072,0.08591899640956248,113.61926983477002,102.2988359944276,-39.05371389426503
1,9,45,1,90.26013150000009,97.08652800000006,71.10829687500005,258.4549563750002,202.52591060625014,0.08055786460585858,106.52970982500008,95.9156429166442,-36.61685922462655
1,9,46,1,82.05466500000006,88.26048000000007,64.64390625000001,234.95905125000016,184.11446418750012,0.07323442236896234,96.84519075000006,87.1960390151311,-33.288053840569575
1,9,47,1,73.84919850000006,79.43443200000003,58.17951562500003,267.31548112500013,174.0808680187501,0.08917367900220706,126.25730617500005,47.73438816474783,35.228948858835906
1,9,48,1,67.84238012219569,72.97331643395836,53.44725324752808,245.5723129213091,159.9213080170371,0.08192038303249001,115.98766584756896,43.85172178643563,32.36346214084554
1,10,1,1,69.27228000000005,74.51136000000004,54.57375000000002,198.35739000000012,155.4333165000001,0.039218388917723654,81.75875400000004,73.63534411108233,-28.12885321292933
1,10,2,1,71.59246143548287,77.00701734236812,56.40162403005477,205.00110280790577,160.63934545413332,0.04053195587259287,84.4971530135594,76.10166048470134,-29.070991150731572
1,10,3,1,77.93131500000008,83.82528000000003,61.39546875000002,223.15206375000014,174.86248106250014,0.044120687532439105,91.97859825000006,82.83976212496765,-31.64495986454557
1,10,4,1,86.59035000000006,93.13920000000009,68.21718750000002,247.94673750000015,194.29164562500014,0.04902298614715457,102.19844250000006,92.04418013885294,-35.161066516161725
1,10,5,1,95.24938500000006,102.45312000000008,75.03890625000005,272.74141125000017,213.72081018750018,0.053925284761870036,112.41828675000008,101.24859815273823,-38.67717316777782
1,10,6,1,101.58823856451721,109.27138265763196,65.84733517213147,276.7069563942806,220.14196710706926,0.05371076771523653,112.90159352618588,107.18666281316814,-42.57955114621197
1,10,7,1,103.90842000000005,111.76704000000005,61.46043750000013,277.1358975000002,221.92987162500017,0.053733384436283275,112.57403850000009,109.30209974056382,-44.10324055149107
1,10,8,1,101.58823856451721,109.27138265763196,65.84733517213144,276.7069563942806,220.14196710706923,0.05371076771523653,112.90159352618586,107.18666281316813,-42.57955114621191
1,10,9,1,95.24938500000007,102.4531200000001,75.03890625000004,272.7414112500002,213.72081018750015,0.053925284761870036,112.41828675000008,101.2485981527382,-38.67717316777788
1,10,10,1,86.59035000000006,93.13920000000009,68.21718750000002,247.94673750000015,194.29164562500014,0.04902298614715457,102.19844250000006,92.04418013885294,-35.16106651616175
1,10,11,1,77.93131500000008,83.82528000000003,61.39546875000002,223.15206375000014,174.86248106250014,0.044120687532439105,91.97859825000006,82.83976212496765,-31.64495986454557
1,10,12,1,71.59246143548287,77.00701734236813,56.40162403005477,205.00110280790577,160.63934545413338,0.04053195587259287,84.4971530135594,76.1016604847014,-29.070991150731572
1,10,13,1,69.27228000000005,74.51136000000004,54.57375000000003,198.35739000000012,155.4333165000001,0.039218388917723654,81.75875400000005,73.63534411108232,-28.128853212929357
1,10,14,1,71.59246143548287,77.00701734236813,56.40162403005477,205.00110280790577,160.63934545413338,0.040531955872592854,84.4971530135594,76.1016604847014,-29.0709911507316
1,10,15,1,77.93131500000008,83.82528000000003,61.39546875000002,223.15206375000014,174.86248106250014,0.044120687532439105,91.97859825000006,82.83976212496765,-31.64495986454557
1,10,16,1,86.59035000000006,93.13920000000009,68.21718750000002,247.94673750000015,194.29164562500014,0.04902298614715457,102.19844250000006,92.04418013885294,-35.161066516161725
1,10,17,1,95.24938500000007,102.4531200000001,75.03890625000003,272.74141125000017,213.72081018750015,0.053925284761870036,112.41828675000008,101.2485981527382,-38.67717316777782
1,10,18,1,101.58823856451721,109.27138265763196,65.84733517213148,276.70695639428067,220.14196710706926,0.05371076771523653,112.90159352618588,107.18666281316814,-42.57955114621194
1,10,19,1,103.90842000000006,111.76704000000008,61.46043750000007,277.1358975000002,221.92987162500015,0.05373317823791983,112.57403850000006,109.30209994676216,-44.103240792055885
1,10,20,1,101.58823856451721,109.27138265763196,65.84733517213144,276.7069563942806,220.14196710706923,0.05371076771523653,112.90159352618588,107.18666281316811,-42.57955114621191
1,10,21,1,95.24938500000009,102.4531200000001,75.03890625000004,272.7414112500002,213.7208101875002,0.05392528476187005,112.41828675000008,101.24859815273825,-38.67717316777782
1,10,22,1,86.59035000000006,93.13920000000006,68.21718750000002,247.94673750000015,194.29164562500011,0.04902298614715457,102.19844250000006,92.04418013885291,-35.161066516161696
1,10,23,1,77.93131500000005,83.82528000000005,61.39546875000003,223.15206375000014,174.8624810625001,0.044120687532439105,91.97859825000005,82.83976212496763,-31.644959864545484
1,10,24,1,71.59246143548287,77.00701734236813,56.40162403005477,205.00110280790577,160.63934545413338,0.04053195587259287,84.4971530135594,76.1016604847014,-29.070991150731572
1,10,25,1,69.27228000000005,74.51136000000004,54.57375000000002,198.35739000000012,155.4333165000001,0.039218388917723654,81.75875400000005,73.63534411108232,-28.12885321292933
1,10,26,1,71.59246143548287,77.00701734236813,56.40162403005477,205.00110280790577,160.63934545413338,0.04053195587259287,84.4971530135594,76.1016604847014,-29.070991150731572
1,10,27,1,77.93131500000008,83.82528000000003,61.395468750000035,223.15206375000014,174.86248106250014,0.044120687532439105,91.97859825000006,82.83976212496765,-31.64495986454554
1,10,28,1,86.59035000000006,93.13920000000006,68.21718750000002,247.94673750000015,194.29164562500011,0.04902298614715457,102.19844250000006,92.04418013885291,-35.161066516161696
1,10,29,1,95.24938500000007,102.4531200000001,75.03890625000005,272.7414112500002,213.72081018750018,0.053925284761870036,112.41828675000008,101.24859815273823,-38.67717316777788
1,10,30,1,101.58823856451725,109.27138265763196,65.84733517213141,276.7069563942806,220.14196710706926,0.05371076771523652,112.90159352618585,107.18666281316817,-42.57955114621197
1,10,31,1,103.90842000000006,111.76704000000007,61.46043750000011,277.1358975000002,221.92987162500017,0.05373338443628328,112.57403850000009,109.30209974056382,-44.10324055149107
1,10,32,1,101.58823856451721,109.27138265763196,65.84733517213144,276.7069563942806,220.14196710706923,0.05371076771523653,112.90159352618586,107.18666281316813,-42.57955114621191
1,10,33,1,95.24938500000007,102.4531200000001,75.03890625000004,272.7414112500002,213.72081018750015,0.053925284761870036,112.41828675000008,101.2485981527382,-38.67717316777788
1,10,34,1,86.59035000000006,93.13920000000006,68.21718750000002,247.94673750000015,194.29164562500011,0.04902298614715457,102.19844250000006,92.04418013885291,-35.161066516161696
1,10,35,1,77.93131500000008,83.82528000000003,61.395468750000035,223.15206375000014,174.86248106250014,0.044120687532439105,91.97859825000005,82.83976212496766,-31.64495986454557
1,10,36,1,71.59246143548287,77.00701734236812,56.40162403005477,205.00110280790577,160.63934545413332,0.04053195587259287,84.4971530135594,76.10166048470134,-29.070991150731572
1,10,37,1,69.27228000000004,74.51136000000002,54.57375000000002,198.35739000000007,155.43331650000007,0.03921838891772365,81.75875400000004,73.6353441110823,-28.12885321292933
1,10,38,1,71.59246143548287,77.00701734236813,56.40162403005477,205.00110280790577,160.63934545413338,0.04053195587259287,84.4971530135594,76.1016604847014,-29.070991150731572
1,10,39,1,77.93131500000005,83.82528000000005,61.395468750000035,223.15206375000014,174.8624810625001,0.044120687532439105,91.97859825000006,82.83976212496762,-31.644959864545513
1,10,40,1,86.59035000000004,93.13920000000009,68.21718750000002,247.94673750000015,194.29164562500011,0.04902298614715457,102.19844250000006,92.04418013885291,-35.161066516161696
1,10,41,1,95.24938500000006,102.4531200000001,75.03890625000003,272.74141125000017,213.72081018750015,0.053925284761870036,112.41828675000008,101.2485981527382,-38.67717316777782
1,10,42,1,101.58823856451721,109.27138265763196,65.84733517213147,276.7069563942806,220.14196710706926,0.05371076771523653,112.90159352618588,107.18666281316814,-42.57955114621197
1,10,43,1,103.90842000000006,111.76704000000007,61.46043750000007,277.13589750000017,221.92987162500015,0.05373317823791983,112.57403850000007,109.30209994676214,-44.10324079205586
1,10,44,1,101.58823856451721,109.27138265763196,65.84733517213147,276.7069563942806,220.14196710706926,0.05371076771523653,112.90159352618588,107.18666281316814,-42.57955114621197
1,10,45,1,95.2493850000001,102.45312000000008,75.03890625000004,272.7414112500002,213.7208101875002,0.053925284761870036,112.41828675000009,101.24859815273824,-38.67717316777782
1,10,46,1,86.59035000000004,93.13920000000007,68.21718750000002,247.94673750000015,194.29164562500011,0.04902298614715457,102.19844250000006,92.04418013885291,-35.161066516161696
1,10,47,1,77.93131500000008,83.82528000000003,61.39546875000003,262.49713875000003,180.76424231250013,0.053889226176795035,119.52015075,61.190202336323324,14.269024263872723
1,10,48,1,71.59246143548287,77.00701734236812,56.40162403005477,257.9294354461569,168.578595349871,0.054385290421496986,121.54698586033518,46.97722419911432,32.69489248420177
1,14,1,1,964.5340320000009,1033.739784000001,661.3039124999997,2659.5777285000017,2107.0163094750014,0.6749424664334036,1088.3618361000003,1017.9795309085675,-400.523253822495
1,14,2,1,996.8397963683427,1062.6953512127616,669.0436533929745,2728.578800974079,2165.128096886271,0.6919603644189333,1115.5806839098918,1048.8554526119606,-415.00626048569666
1,14,3,1,1085.1007860000007,1141.8034320000008,690.1890187500002,2917.093236750002,2323.8924526125015,0.7390040567875885,1189.9439590500006,1133.2094895057135,-454.5739289504154
1,14,4,1,1201.131855,1240.99668,618.1516687499999,3060.2802037499996,2473.8560240625,0.7714069788662262,1236.6503572499998,1236.434259833634,-515.7031121913228
1,14,5,1,1288.9606826250008,1296.8857440000004,584.0170874999997,3169.8635141250006,2583.230641818751,0.79522960512107,1274.867280225,1307.5681319886296,-559.1120783586102
1,14,6,1,1414.495283631659,1386.6607146150618,459.18653987099947,3260.3425381177203,2705.6516880711756,0.81266897790934,1295.6867867857695,1409.152232307497,-628.7681472016752
1,14,7,1,1446.8010480000012,1403.9847359999994,440.0983124999992,3290.8840965,2739.702856275,0.8190522313759135,1305.3086739,1433.5751301436244,-645.185927363395
1,14,8,1,1414.4952836316588,1386.6607146150618,459.1865398709996,3260.3425381177203,2705.651688071175,0.8126689779093399,1295.6867867857698,1409.1522323074962,-628.7681472016748
1,14,9,1,1285.8666975000017,1299.4165799999998,584.3744156249994,3169.657693125001,2582.512555218751,0.7952296051210701,1274.7914313750002,1306.9258942386296,-557.8857758773602
1,14,10,1,1199.8948500000001,1242.4103999999998,617.9177812499993,3060.223031249999,2473.6832071874996,0.7714069788662261,1236.5848687499997,1236.3269314586337,-515.2680814413229
1,14,11,1,1085.1007860000002,1141.8034320000008,690.18901875,2917.093236750001,2323.892452612501,0.7390040567875884,1189.9439590500003,1133.2094895057132,-454.5739289504145
1,14,12,1,996.8397963683427,1062.6953512127614,669.0436533929745,2728.5788009740786,2165.1280968862707,0.6919603644189333,1115.5806839098918,1048.8554526119601,-415.0062604856962
1,14,13,1,964.5340320000009,1033.739784000001,661.3039124999997,2659.5777285000017,2107.0163094750014,0.6749424664334037,1088.3618361000003,1017.9795309085675,-400.52325382249546
1,14,14,1,996.8397963683426,1062.6953512127614,669.0436533929746,2728.5788009740786,2165.1280968862707,0.6919603644189333,1115.5806839098918,1048.8554526119601,-415.0062604856962
1,14,15,1,1085.1007860000004,1141.803432000001,690.1890187500001,2917.093236750002,2323.892452612501,0.7390040567875884,1189.9439590500006,1133.209489505713,-454.5739289504154
1,14,16,1,1199.482515,1241.4401999999995,619.1911687499999,3060.1138837499993,2473.2156920624993,0.7714069788662261,1236.6891652499999,1235.7551198336332,-514.9248731913226
1,14,17,1,1287.2921985000007,1298.8372320000005,583.6597593749996,3169.7891898750004,2583.010241831251,0.79522960512107,1274.775041925,1307.4399703011295,-558.5314439773592
1,14,18,1,1414.4952836316588,1386.6607146150616,459.1865398709995,3260.3425381177203,2705.6516880711747,0.8126689779093399,1295.6867867857698,1409.1522323074958,-628.7681472016748
1,14,19,1,1446.8010480000012,1403.9847359999997,440.0983124999997,3290.8840965000004,2739.7028562750006,0.8190522313759138,1305.3086739000003,1433.5751301436246,-645.185927363395
1,14,20,1,1414.4952836316586,1386.660714615062,459.18653987099947,3260.3425381177203,2705.651688071175,0.8126689779093399,1295.6867867857695,1409.1522323074964,-628.7681472016752
1,14,21,1,1289.9488140000012,1293.9585120000004,585.8894868749989,3169.7968128750003,2582.857400681251,0.79522960512107,1275.076912725,1306.9852583511297,-559.2123684523599
1,14,22,1,1189.586475,1247.2059599999998,622.5175687499997,3059.3100037499994,2470.2565820624995,0.7714069788662261,1236.6503572499998,1232.8348178336335,-510.6823271913231
1,14,23,1,1085.1007860000002,1141.8034320000008,690.1890187500003,2917.0932367500013,2323.892452612501,0.7390040567875884,1189.9439590500006,1133.209489505713,-454.5739289504145
1,14,24,1,996.8397963683426,1062.6953512127614,669.0436533929745,2728.5788009740786,2165.1280968862707,0.6919603644189333,1115.5806839098918,1048.8554526119601,-415.0062604856962
1,14,25,1,964.5340320000009,1033.7397840000008,661.3039124999998,2659.5777285000013,2107.0163094750014,0.6749424664334036,1088.3618361000003,1017.9795309085675,-400.5232538224959
1,14,26,1,996.8397963683426,1062.6953512127614,669.0436533929746,2728.5788009740786,2165.1280968862707,0.6919603644189334,1115.5806839098918,1048.8554526119601,-415.0062604856962
1,14,27,1,1085.1007860000002,1141.803432000001,690.1890187500001,2917.093236750002,2323.892452612501,0.7390040567875885,1189.9439590500006,1133.209489505713,-454.5739289504145
1,14,28,1,1202.3688599999998,1235.6744399999998,622.0497937500002,3060.0930937499998,2472.9173555625,0.7714069788662262,1237.05784125,1235.0881073336336,-515.600721441323
1,14,29,1,1285.4131290000014,1296.7942679999994,587.2330406249997,3169.440437625001,2581.556059293751,0.79522960512107,1275.0422280750001,1305.7186016136295,-557.2944216523597
1,14,30,1,1414.4952836316588,1386.660714615062,459.18653987099947,3260.3425381177203,2705.6516880711756,0.8126689779093397,1295.6867867857695,1409.152232307497,-628.7681472016752
1,14,31,1,1446.801048000001,1403.984736,440.09831249999945,3290.8840965000004,2739.702856275001,0.8190522313759138,1305.3086739,1433.5751301436253,-645.1859273633959
1,14,32,1,1414.4952836316593,1386.6607146150618,459.18653987099947,3260.3425381177203,2705.6516880711756,0.8126689779093399,1295.6867867857695,1409.152232307497,-628.7681472016761
1,14,33,1,1287.0978120000007,1294.4463840000005,587.9476968749993,3169.4918928750003,2581.6712618812508,0.7952296051210701,1275.168388725,1305.7076435511294,-557.8287939523598
1,14,34,1,1201.1318549999999,1241.8837199999998,617.3200687500002,3060.3356437499997,2474.1082760625004,0.7714069788662262,1236.57274125,1236.7641278336341,-515.8250801913227
1,14,35,1,1085.1007860000004,1141.8034320000006,690.1890187500001,2917.093236750001,2323.892452612501,0.7390040567875884,1189.9439590500006,1133.209489505713,-454.57392895041585
1,14,36,1,996.8397963683425,1062.6953512127614,669.0436533929745,2728.5788009740786,2165.1280968862707,0.6919603644189333,1115.5806839098918,1048.8554526119601,-415.00626048569666
1,14,37,1,964.5340320000008,1033.7397840000008,661.3039124999996,2659.5777285000013,2107.016309475001,0.6749424664334037,1088.3618361000003,1017.9795309085671,-400.523253822495
1,14,38,1,996.8397963683426,1062.6953512127614,669.0436533929745,2728.5788009740786,2165.1280968862707,0.6919603644189333,1115.5806839098918,1048.8554526119601,-415.0062604856962
1,14,39,1,1085.1007860000004,1141.803432000001,690.1890187500001,2917.093236750002,2323.892452612501,0.7390040567875885,1189.9439590500006,1133.209489505713,-454.5739289504154
1,14,40,1,1195.7715,1241.8837199999998,622.0497937499995,3059.705013749999,2471.6172875624998,0.7714069788662264,1236.8249932499998,1234.0208873336337,-513.0976054413222
1,14,41,1,1285.963890750001,1299.3251040000007,584.3744156249993,3169.663410375001,2582.531708006251,0.7952296051210697,1274.794861725,1306.9416166761298,-557.9226521398605
1,14,42,1,1414.4952836316588,1386.6607146150623,459.18653987099935,3260.3425381177203,2705.6516880711756,0.81266897790934,1295.6867867857698,1409.1522323074967,-628.7681472016752
1,14,43,1,1446.8010480000012,1403.9847359999999,440.09831249999934,3290.8840965000004,2739.702856275001,0.8190522313759138,1305.3086739,1433.5751301436253,-645.1859273633959
1,14,44,1,1414.4952836316588,1386.660714615062,459.1865398709995,3260.3425381177203,2705.6516880711756,0.81266897790934,1295.6867867857695,1409.152232307497,-628.7681472016757
1,14,45,1,1292.4596396250006,1290.5434080000002,586.8757124999997,3169.8787601250006,2583.053025918751,0.79522960512107,1275.2575778250002,1307.0002184886293,-560.0203588086097
1,14,46,1,1198.6578450000004,1245.4318799999999,616.1766187499998,3060.26634375,2473.9675970625003,0.7714069788662262,1236.37870125,1236.8174888336341,-515.0541176913234
1,14,47,1,1085.1007860000002,1141.8034320000008,690.1890187500001,3182.4931792499997,2363.702443987501,0.8232562242444154,1375.7239187999999,987.1552689632567,-144.84236850504885
1,14,48,1,988.6578007757159,1038.493145762303,647.5573204291443,3043.9014879003926,2181.5549367227864,0.7996617787073447,1351.1636477917018,829.591627152377,18.53891525563222
