sol,j,k,flujo_kg,x_j,y_j,x_k,y_k
1,1,12,28410.476840846946,933761.3998214833,6849018.604434323,935116.0270804554,6848515.348350698
1,3,8,6860.700000000003,933908.0998213802,6848138.104434771,933899.4163399376,6847726.426746646
1,4,12,914.7600000000001,935353.7998202943,6846475.604435598,935116.0270804554,6848515.348350698
1,5,8,5478.858000000006,933436.0728134823,6847046.593612878,933899.4163399376,6847726.426746646
1,6,11,1555.0920000000006,931976.7421459949,6849371.227088254,932146.6562577914,6849256.773966266
1,7,4,16201.146674393292,933780.291513979,6846818.296141294,934486.8723421873,6846206.415117581
1,8,14,27534.27599999999,932794.3604016128,6848981.7958182,933140.0977278844,6850072.433105121
1,9,12,3887.730000000003,935423.408715666,6848507.683366759,935116.0270804554,6848515.348350698
1,10,1,10435.223559253536,933074.0319191051,6846600.749738233,932745.6779657637,6845653.663679846
1,11,8,2468.2955249133165,934096.4175246346,6847743.417716952,933899.4163399376,6847726.426746646
1,12,1,22020.69201854889,933061.759090488,6845988.289810399,932745.6779657637,6845653.663679846
1,12,2,216.40848547180138,933061.759090488,6845988.289810399,933735.448849359,6845411.849035427
1,13,8,16438.976312830826,933807.2281635706,6848521.778365977,933899.4163399376,6847726.426746646
1,14,8,33162.79846431852,934219.8512487066,6847970.932334671,933899.4163399376,6847726.426746646
1,15,8,17654.867999999995,934147.6454661533,6847934.640032243,933899.4163399376,6847726.426746646
1,16,12,4929.614675488251,934880.899820648,6847145.104435267,935116.0270804554,6848515.348350698
1,17,8,46012.42800000007,934313.499821071,6848126.304434771,933899.4163399376,6847726.426746646
1,18,8,4640.733804544647,933999.1998213149,6847743.404434972,933899.4163399376,6847726.426746646
1,20,11,989.6040000000005,932322.3998225784,6849328.204434182,932146.6562577914,6849256.773966266
1,21,8,4264.841776074571,934045.0998212856,6847194.404435249,933899.4163399376,6847726.426746646
1,22,11,70.68600000000004,931942.9998228712,6849017.504434342,932146.6562577914,6849256.773966266
1,23,8,20004.138000000035,933186.3998219331,6847949.604434876,933899.4163399376,6847726.426746646
1,24,7,14339.374427101504,932152.499822722,6847957.104434883,932255.892018884,6847535.468556594
1,25,12,7451.159012666345,933734.0998215002,6849385.604434141,935116.0270804554,6848515.348350698
1,26,8,3336.997895811024,933533.0998216621,6848578.504434551,933899.4163399376,6847726.426746646
1,27,7,8873.172000000006,932730.0998222866,6847424.704435145,932255.892018884,6847535.468556594
1,28,14,12472.508902299742,933302.5998218316,6849201.904434238,933140.0977278844,6850072.433105121
1,29,12,725.2653245117511,934901.9998206322,6847132.704435273,935116.0270804554,6848515.348350698
1,30,8,35218.26000000001,933207.9998219206,6847554.204435076,933899.4163399376,6847726.426746646
1,31,4,13961.82720004469,934107.899821243,6846671.504435516,934486.8723421873,6846206.415117581
1,32,12,23783.759999999987,934724.7998207612,6847726.104434972,935116.0270804554,6848515.348350698
1,33,14,21862.76399999999,933229.2998218873,6849228.104434224,933140.0977278844,6850072.433105121
1,35,8,17029.866903449645,933588.4998216212,6848428.004434628,933899.4163399376,6847726.426746646
1,37,12,7861.9855684615795,934585.699820864,6848050.504434808,935116.0270804554,6848515.348350698
1,38,8,39632.806917888876,933906.9998213904,6847232.504435231,933899.4163399376,6847726.426746646
1,39,14,10153.835999999996,932773.3998222386,6848897.604434397,933140.0977278844,6850072.433105121
1,40,7,11420.754201011312,932737.3998222824,6847314.2044352,932255.892018884,6847535.468556594
1,41,12,29263.231394653405,934604.5998208483,6848166.104434751,935116.0270804554,6848515.348350698
1,42,12,29638.224,934990.5998205657,6847039.104435317,935116.0270804554,6848515.348350698
1,43,4,9320.196296158989,934084.1998212618,6846602.604435545,934486.8723421873,6846206.415117581
1,44,1,201.0164221975887,932588.1998224115,6845816.204435961,932745.6779657637,6845653.663679846
1,46,12,10649.77103319949,934906.099820619,6848106.204434778,935116.0270804554,6848515.348350698
1,47,12,6927.227999999999,934432.7998209777,6848335.404434666,935116.0270804554,6848515.348350698
1,48,11,4028.6046350827564,931239.099823409,6848973.804434372,932146.6562577914,6849256.773966266
1,49,12,14349.25800000002,935012.7998205305,6848802.404434423,935116.0270804554,6848515.348350698
1,50,8,10833.002093109202,933472.5998217161,6847811.904434941,933899.4163399376,6847726.426746646
1,52,4,58061.68429038196,933544.3998216777,6846209.704435752,934486.8723421873,6846206.415117581
1,53,4,16271.757541339104,934203.1998211733,6846356.304435672,934486.8723421873,6846206.415117581
1,54,12,13783.224607592703,934764.0998207259,6848247.404434707,935116.0270804554,6848515.348350698
1,55,4,39184.86919967238,934305.7998210939,6846479.404435608,934486.8723421873,6846206.415117581
1,56,8,17812.87199999998,934204.3998211591,6847660.904435011,933899.4163399376,6847726.426746646
1,57,12,15214.722764554415,934687.8998207864,6848019.504434823,935116.0270804554,6848515.348350698
1,58,8,5428.423864241262,934045.0998212856,6847194.404435249,933899.4163399376,6847726.426746646
1,59,11,7563.899364917251,931239.099823409,6848973.804434372,932146.6562577914,6849256.773966266
1,60,12,45463.57200000012,933867.5998214042,6848816.004434429,935116.0270804554,6848515.348350698
1,61,7,13586.829210890835,932731.0998222867,6847344.104435187,932255.892018884,6847535.468556594
1,62,4,10044.522993063696,933921.19982138,6847190.704435252,934486.8723421873,6846206.415117581
1,62,8,10043.056448731619,933921.19982138,6847190.704435252,933899.4163399376,6847726.426746646
1,63,4,9259.866000000027,934417.9998210015,6847132.404435275,934486.8723421873,6846206.415117581
1,64,8,1231.918670542042,933976.8998213315,6847785.004434952,933899.4163399376,6847726.426746646
1,65,9,6142.275471089096,930937.2998236478,6848136.804434802,929886.9438583648,6848268.684312322
1,66,8,3949.1192007393474,933533.0998216621,6848578.504434551,933899.4163399376,6847726.426746646
1,67,12,18684.786846322128,933792.4998214621,6848760.204434457,935116.0270804554,6848515.348350698
1,69,4,4745.66399999995,934334.8998210647,6847164.004435261,934486.8723421873,6846206.415117581
1,69,8,4036.032000000054,934334.8998210647,6847164.004435261,933899.4163399376,6847726.426746646
1,70,9,6117.1916944658,930937.2998236478,6848136.804434802,929886.9438583648,6848268.684312322
1,71,8,12532.212000000001,933466.5998217198,6847887.004434904,933899.4163399376,6847726.426746646
1,72,11,1234.7868769848574,932379.6998225332,6849477.804434106,932146.6562577914,6849256.773966266
1,73,14,17545.424209947236,933230.5998218857,6849269.904434204,933140.0977278844,6850072.433105121
1,74,12,21335.443766855344,933841.6998214169,6849513.504434072,935116.0270804554,6848515.348350698
1,75,11,212.058,932222.5998226551,6849264.004434216,932146.6562577914,6849256.773966266
1,76,8,11008.971906890803,933472.5998217161,6847811.904434941,933899.4163399376,6847726.426746646
1,77,4,9754.667999999994,934467.3998209637,6847130.604435277,934486.8723421873,6846206.415117581
1,78,12,32498.159220478352,933743.3998214928,6849429.204434117,935116.0270804554,6848515.348350698
1,79,12,25908.498000000036,934635.7998208292,6847723.804434974,935116.0270804554,6848515.348350698
1,80,4,27076.89599999999,934194.8998211797,6846378.104435661,934486.8723421873,6846206.415117581
1,81,12,4241.160000000006,934977.2998205577,6848768.304434442,935116.0270804554,6848515.348350698
1,82,11,424.11599999999993,931908.399822898,6848998.204434354,932146.6562577914,6849256.773966266
