sol,k,nombre,x,y,apertura_t,VAN_planta_EUR,produccion_total_kg
1,1,Site K1,932745.6779657637,6845653.663679846,1,6048.29769984773,36700.17120000049
1,4,Cluster k=4 (+3),934486.8723421873,6846206.415117581,1,136357.9315216808,401782.97486436286
1,7,Boutmy - Manufacture de Caoutchouc de Nancy,932255.892018884,6847535.468556594,1,18584.053051980576,59004.36222394759
1,8,Site K8,933899.4163399376,6847726.426746646,1,204525.2769022756,405171.15579334396
1,14,Cluster k=14 (+5),933140.0977278844,6850072.433105121,1,11613.878145565686,183949.62449961787
2,1,Site K1,932745.6779657637,6845653.663679846,1,6048.297699847431,36700.17119999998
2,4,Cluster k=4 (+3),934486.8723421873,6846206.415117581,1,59295.12430800832,229744.88539943928
2,7,Boutmy - Manufacture de Caoutchouc de Nancy,932255.892018884,6847535.468556594,1,18584.053051980576,59004.36222394759
2,8,Site K8,933899.4163399376,6847726.426746646,1,192505.60322337164,400938.4734422685
2,9,Site K9,929886.9438583648,6848268.684312322,1,-5395.470221631709,16681.896000000015
2,11,Cluster k=11 (+1),932146.6562577914,6849256.773966266,1,-14776.668088498882,28358.58014989957
2,12,Cluster k=12 (+19),935116.0270804554,6848515.348350698,1,-68457.45132968933,453715.75100214966
2,14,Cluster k=14 (+5),933140.0977278844,6850072.433105121,1,-47079.862002232,77048.82465181682
3,1,Site K1,932745.6779657637,6845653.663679846,1,6048.297699847431,36700.17119999998
3,4,Cluster k=4 (+3),934486.8723421873,6846206.415117581,1,79929.87271778219,287118.5253347966
3,7,Boutmy - Manufacture de Caoutchouc de Nancy,932255.892018884,6847535.468556594,1,18584.053051980576,59004.36222394759
3,8,Site K8,933899.4163399376,6847726.426746646,1,171148.42890234594,395757.25986452727
3,9,Site K9,929886.9438583648,6848268.684312322,1,-5395.470221631709,16681.896000000015
3,11,Cluster k=11 (+1),932146.6562577914,6849256.773966266,1,-14756.383828516173,28520.19346459465
3,12,Cluster k=12 (+19),935116.0270804554,6848515.348350698,1,-60923.713987532334,487641.9300766048
3,14,Cluster k=14 (+5),933140.0977278844,6850072.433105121,1,-47086.704367538,77046.00154217254
