escenario,etiqueta,parametro,nivel,es_base,run_id,estado,factible,Z1_VAN_peor_EUR,Z2_GHG_kgCO2e,Z3_cobertura,Z4_NPV_EUR,Z5_output_kg,cobertura_pct,colectado_total_kg,n_plantas,plantas,ref_n_plantas,ref_plantas,plantas_entran,plantas_salen,jaccard_vs_ref,delta_Z4_vs_ref,delta_Z4_pct,delta_Z2_vs_ref,delta_Z3_vs_ref,eps_Z2,eps_Z3,gap_pct,bound,wall_time_s,terminacion,error
base,Base,—,,1,base,ok,1,-27542.0,-142544.87895597948,60035.70686534822,146887.8117761886,871510.9568394849,63.60695429824678,1080642.7235762638,7,1 4 7 8 9 10 14,7,1 4 7 8 9 10 14,,,1.0,-0.00045626278733834624,-3.106199080808052e-07,0.0005791322328150272,-7.719791028648615e-09,-132876.56279422995,60035.88273314295,5.760951252483699,155349.9470736145,1007.8268625736237,timelimit,
price,Price volatility,PRICE_FACTOR,0.7,0,price_0p70,ok,1,-59413.0,-142544.87856602506,60035.706865348904,-43884.23695312549,871510.9568394911,63.60695429824729,1080642.7235762726,7,1 4 7 8 9 10 14,7,1 4 7 8 9 10 14,,,1.0,-190772.04918557688,-129.8760232630317,0.0009690866572782397,-7.035851012915373e-09,-132876.56279422995,60035.88273314295,24.961976103468558,-32929.864165465435,1007.3115167617798,timelimit,
price,Price volatility,PRICE_FACTOR,1.0,1,base,ok,1,-27542.0,-142544.87895597948,60035.70686534822,146887.8117761886,871510.9568394849,63.60695429824678,1080642.7235762638,7,1 4 7 8 9 10 14,7,1 4 7 8 9 10 14,,,1.0,-0.00045626278733834624,-3.106199080808052e-07,0.0005791322328150272,-7.719791028648615e-09,-132876.56279422995,60035.88273314295,5.760951252483699,155349.9470736145,1007.8268625736237,timelimit,
price,Price volatility,PRICE_FACTOR,1.3,0,price_1p30,ok,1,-8043.0,-142544.87888542865,60035.70686534882,337659.86015247693,871510.9568394914,63.60695429824728,1080642.7235762724,7,1 4 7 8 9 10 14,7,1 4 7 8 9 10 14,,,1.0,190772.04792002554,129.87602240145486,0.0006496830610558391,-7.123162504285574e-09,-132876.56279422995,60035.88273314295,2.0049842881451214,344429.8873587524,1006.889949798584,timelimit,
catchment,Catchment sensitivity,D_BAR_IJ,0.1,0,catchment_0p10,infactible,0,,,,,,,,,,,,,,,,,,,,,,,,
catchment,Catchment sensitivity,D_BAR_IJ,0.25,1,base,ok,1,-27542.0,-142544.87895597948,60035.70686534822,146887.8117761886,871510.9568394849,63.60695429824678,1080642.7235762638,7,1 4 7 8 9 10 14,7,1 4 7 8 9 10 14,,,1.0,-0.00045626278733834624,-3.106199080808052e-07,0.0005791322328150272,-7.719791028648615e-09,-132876.56279422995,60035.88273314295,5.760951252483699,155349.9470736145,1007.8268625736237,timelimit,
catchment,Catchment sensitivity,D_BAR_IJ,0.5,0,catchment_0p50,ok,1,6048.29769984708,-344122.52940796525,72431.96893527768,377129.43730435596,1086608.2885812717,26.90540728834783,1303775.4408349972,5,1 4 7 8 14,7,1 4 7 8 9 10 14,,9 10,0.7143,230241.62507190456,156.74658201563037,-201577.64987285354,12396.262069921737,-132876.56279422995,60035.88273314295,11.210789623897705,419408.62701921596,1031.964093208313,timelimit,
muncredit,Municipal credit intensity,MUNICIPAL_CREDIT_SHARE,0.0,0,muncredit_0p00,ok,1,-37740.0,-142544.87908292864,60035.706865347674,85701.12367611955,871510.9568394778,63.606954298246,1080642.7235762507,7,1 4 7 8 9 10 14,7,1 4 7 8 9 10 14,,,1.0,-61186.68855633185,-41.65538830376432,0.0004521830705925822,-8.265487849712372e-09,-132876.56279422995,60035.88273314295,9.977128183840414,94251.63470803486,1007.0165541172028,timelimit,
muncredit,Municipal credit intensity,MUNICIPAL_CREDIT_SHARE,0.25,1,base,ok,1,-27542.0,-142544.87895597948,60035.70686534822,146887.8117761886,871510.9568394849,63.60695429824678,1080642.7235762638,7,1 4 7 8 9 10 14,7,1 4 7 8 9 10 14,,,1.0,-0.00045626278733834624,-3.106199080808052e-07,0.0005791322328150272,-7.719791028648615e-09,-132876.56279422995,60035.88273314295,5.760951252483699,155349.9470736145,1007.8268625736237,timelimit,
muncredit,Municipal credit intensity,MUNICIPAL_CREDIT_SHARE,0.5,0,muncredit_0p50,ok,1,-17359.0,-142544.87891235785,60035.706865348024,208074.49994832772,871510.9568394829,63.606954298246464,1080642.7235762586,7,1 4 7 8 9 10 14,7,1 4 7 8 9 10 14,,,1.0,61186.68771587632,41.655387731589194,0.0006227538688108325,-7.916241884231567e-09,-132876.56279422995,60035.88273314295,4.078863604335245,216561.5750607459,1007.0343577861786,timelimit,
facility,Facility cost/capacity,FACILITY_FACTOR,0.7,0,facility_0p70,ok,1,-97690.20524021394,-149627.11356975778,60438.10558411416,-19048.703633045887,878701.6701488243,64.03328986170649,1087885.9005140287,9,1 2 4 7 8 9 11 12 14,7,1 4 7 8 9 10 14,2 11 12,10,0.6,-165936.5158654973,-112.96819888834693,-7082.23403464607,402.398718758217,-132876.56279422995,60035.88273314295,1103.020110004818,191062.32694933377,1006.8682584762573,timelimit,
facility,Facility cost/capacity,FACILITY_FACTOR,1.0,1,base,ok,1,-27542.0,-142544.87895597948,60035.70686534822,146887.8117761886,871510.9568394849,63.60695429824678,1080642.7235762638,7,1 4 7 8 9 10 14,7,1 4 7 8 9 10 14,,,1.0,-0.00045626278733834624,-3.106199080808052e-07,0.0005791322328150272,-7.719791028648615e-09,-132876.56279422995,60035.88273314295,5.760951252483699,155349.9470736145,1007.8268625736237,timelimit,
facility,Facility cost/capacity,FACILITY_FACTOR,1.3,0,facility_1p30,ok,1,-55405.20346124087,-137124.88006741216,60035.70686535792,92855.9435063281,870106.8408431029,63.606954298255744,1080642.7235764163,6,1 4 7 8 10 14,7,1 4 7 8 9 10 14,,9,0.8571,-54031.8687261233,-36.784446513926795,5419.999467699556,1.979060471057892e-09,-132876.56279422995,60035.88273314295,10.009813599612452,102150.65039725792,1008.362366437912,timelimit,
