sol,eps_Z2,eps_Z3,Z1,Z2,Z3,cobertura_pct,n_plantas,plantas,phi,gap_pct,estado
1,NA,NA,202350.5518177998,-115526.94863467176,37424.310000000296,39.650509673391966,3,2 7 8,11229,42.801814575180835,lex_anchor_Z4
2,NA,NA,-164092.82085336192,-166506.5302593538,47126.56250899957,49.92990445613593,8,1 4 7 8 9 10 12 14,-213211.01731619443,1.8356247945540696,lex_anchor_Z2
3,NA,NA,-209972.44794004067,-9566.682088775791,72597.86758488887,76.91638004661236,8,1 4 7 8 9 11 12 14,-212447.05270947612,0.00179041929867543,lex_anchor_Z3
4,-9566.682088775791,39936.70697034948,197892.42716539488,-120257.11877191998,48236.346794443016,51.1057046925415,4,1 4 7 8,3640,5.656554639897482,timelimit
5,-9566.682088775791,49986.294851746214,191003.49323570752,-98736.55809907196,49986.11898396115,52.95956276305092,4,1 4 7 8,3634.8243887844073,11.094350583920011,timelimit
6,-9566.682088775791,52498.69182209539,179829.51427811355,-67069.29419904132,52498.51595431442,55.62141064685646,4,1 4 7 8,3626.63438091497,13.812116369023828,timelimit
7,-9566.682088775791,55011.088792444585,169007.95672987934,-144128.38509105914,58056.26184215105,61.50976121598873,5,1 4 7 8 14,-27147.057305254853,14.08400357970973,timelimit
8,-9566.682088775791,60035.88273314295,160931.63374714216,-119178.8076515015,60035.70686535708,63.606954298256326,5,1 4 7 8 14,-28927.69054013767,7.308022086680056,timelimit
9,-9566.682088775791,62548.27970349213,149961.4162472728,-87511.64270719385,62548.10383570634,66.26880218205692,5,1 4 7 8 14,-31539.52775751307,5.798117207003438,timelimit
10,-9566.682088775791,72597.86758488887,-209870.00181739175,-9568.318406026345,72597.6917171136,76.91619371727316,8,1 4 7 8 9 11 12 14,-212341.035427556,0.05748462028461987,optimal
11,-20776.67124381708,70085.47061453968,-206252.81714249268,-29769.741313161212,70085.29474675976,74.254345833468,8,1 4 7 8 10 11 12 14,-208674.66735261533,145.01791936719763,timelimit
12,-31986.660398858367,39936.70697034948,197972.74498112692,-120197.39163059033,48283.470794442954,51.155631882056824,4,1 4 7 8,3640,5.597752114908695,timelimit
13,-31986.660398858367,67573.0736441905,-159274.53503527856,-48357.68511809828,67572.89777640015,71.59249794965643,6,1 4 7 8 12 14,-205677.36942394983,176.23467113178089,timelimit
14,-31986.660398858367,70085.47061453968,-212997.00061422837,-41216.430190929445,70085.29474675475,74.254345833462,9,1 4 7 8 9 10 11 12 14,-206564.20570685976,79.82702317453592,timelimit
15,-43196.64955389965,65060.67667384131,-154779.84460064862,-91939.90324644314,65060.50080605244,68.93065006585601,7,1 4 7 8 10 12 14,-198090.6709242002,191.52259667483727,timelimit
16,-43196.64955389965,67573.0736441905,-165771.03298460643,-60275.21758036676,67572.8977764025,71.59249794965802,7,1 4 7 8 10 12 14,-203537.02523766624,171.71741472126888,timelimit
17,-65616.62786398223,65060.67667384131,131192.452405614,-66450.87557609146,65060.50080605788,68.93065006586062,6,1 4 7 8 9 14,-33294.46033096921,3.2176815108539465,timelimit
18,-65616.62786398223,67573.0736441905,-186852.7600899373,-72897.86944435618,67572.8977764015,71.5924979496569,8,1 4 7 8 9 11 12 14,-200889.6223793204,102.34387633419482,timelimit
19,-99246.59532910609,62548.27970349213,143435.04086227503,-99429.99618088466,62548.10383570681,66.26880218205805,6,1 4 7 8 10 14,-30698.64766519971,1.6723902977166576,timelimit
20,-99246.59532910609,65060.67667384131,-176060.21783953765,-104562.61071394302,65060.5008060523,68.93065006585516,8,1 4 7 8 9 11 12 14,-195721.953124688,84.13159986519001,timelimit
21,-132876.56279422995,60035.88273314295,146887.8122324514,-142544.87953511172,60035.70686535594,63.60695429825481,7,1 4 7 8 9 10 14,-27598.791828219106,5.804021712702987,timelimit
22,-132876.56279422995,62548.27970349213,-165719.2834129657,-136227.35518384585,62548.103835702364,66.26880218205373,8,1 4 7 8 9 11 12 14,-190759.8560801184,32.95763293193663,timelimit
23,-144086.55194927123,37424.310000000296,-161522.04708111554,-149481.67037058494,61496.45427911241,65.15459484151394,8,1 4 7 8 9 11 12 14,-188811.62004721843,222.2546233540557,timelimit
24,-155296.54110431252,37424.310000000296,146563.18442957397,-155295.75640507275,51380.56686933354,54.43695992462753,6,1 4 7 8 10 14,-29068.71956293492,21.596478474651253,timelimit
25,-155296.54110431252,52498.69182209539,-183763.58520566707,-155295.75640506798,56891.67481428678,60.27589827465975,9,1 4 7 8 9 10 11 12 14,-192043.1928925134,193.6358313046173,timelimit
26,-166506.5302593538,37424.310000000296,-184469.83173297433,-166505.74556011253,48021.10441447456,50.87765853567125,8,1 4 7 8 9 11 12 14,-198841.9336499476,43.84905995818124,timelimit
