sol,Z1_VAN_EUR,Z2_GHG_kgCO2e,Z3_cobertura,Z4_NPV_EUR,Z5_output_kg,cobertura_pct,colectado_total_kg,n_plantas,plantas,eps_Z2,eps_Z3,gap_pct,bound,wall_time_s,estado
1,11229.0,-115526.94863467175,37424.310000000296,202350.5518177998,550380.5019145578,39.650509673391966,673637.5799999958,3,2 7 8,,,42.801814575180835,53442.59377224171,1007.7309138774872,lex_anchor_Z4
2,-213211.01731619443,-166506.5302593538,47126.56250899957,-164092.82085336192,699201.7047928838,49.92990445613593,848278.1251619932,8,1 4 7 8 9 10 12 14,,,1.8356247945540698,47991.6293752358,1007.9013051986694,lex_anchor_Z2
3,-212447.05270947612,-9566.682088775793,72597.86758488887,-209972.44794004067,1013402.6803456027,76.91638004661236,1306761.616527978,8,1 4 7 8 9 11 12 14,,,0.0017904192986754313,-9566.853372498153,129.43961763381958,lex_anchor_Z3
4,3640.0,-120257.11877191998,48236.346794443016,197892.42716539488,701627.7995572573,51.1057046925415,868254.2422999577,4,1 4 7 8,-9566.682088775793,39936.70697034948,5.656554639897482,209086.32143074603,1008.7856764793396,timelimit
5,3634.8243887844073,-98736.55809907196,49986.11898396115,191003.49323570752,720652.5740040583,52.95956276305092,899750.1417112955,4,1 4 7 8,-9566.682088775793,49986.294851746214,11.094350583920013,212194.09103403095,1007.7847590446472,timelimit
6,3626.6343809149694,-67069.29419904132,52498.51595431442,179829.51427811355,747786.4612838726,55.62141064685646,944973.2871776493,4,1 4 7 8,-9566.682088775793,52498.691822095396,13.812116369023828,204667.77647306924,1007.8261921405792,timelimit
7,-27147.057305254853,-144128.38509105914,58056.26184215105,169007.95672987934,844338.833944221,61.50976121598873,1045012.7131586906,5,1 4 7 8 14,-9566.682088775793,55011.088792444585,14.08400357970973,192811.0444826573,1008.1261858940125,timelimit
8,-28927.69054013767,-119178.8076515015,60035.70686535708,160931.63374714216,865716.8401948633,63.606954298256326,1080642.723576426,5,1 4 7 8 14,-9566.682088775793,60035.88273314295,7.308022086680056,172692.5538353195,1008.107659816742,timelimit
9,-31539.52775751307,-87511.64270719385,62548.10383570634,149961.4162472728,892850.7274746278,66.26880218205692,1125865.869042696,5,1 4 7 8 14,-9566.682088775793,62548.27970349213,5.798117207003438,158656.35545202898,1007.9418017864227,timelimit
10,-212341.035427556,-9568.318406026345,72597.6917171136,-209870.00181739178,1013400.7809736166,76.91619371727316,1306758.4509080106,8,1 4 7 8 9 11 12 14,-9566.682088775793,72597.86758488887,0.05748462028461987,-209749.3588437403,177.5469868183136,optimal
11,-208674.66735261533,-29769.741313161212,70085.29474675976,-206252.81714249268,983424.4890518079,74.254345833468,1261535.3054416631,8,1 4 7 8 10 11 12 14,-20776.67124381708,70085.47061453968,145.01791936719763,92850.72688798368,1007.7296283245087,timelimit
12,3640.0,-120197.39163059031,48283.470794442954,197972.74498112692,702263.9735572566,51.155631882056824,869102.4742999583,4,1 4 7 8,-31986.660398858367,39936.70697034948,5.597752114908695,209054.76934437745,1007.936595916748,timelimit
13,-205677.36942394983,-48357.68511809828,67572.89777640015,-159274.53503527856,953048.7922023819,71.59249794965643,1216312.159975207,6,1 4 7 8 12 14,-31986.660398858367,67573.0736441905,176.23467113178089,121422.41790129221,1007.8532919883728,timelimit
14,-206564.20570685974,-41216.430190929445,70085.29474675475,-212997.00061422837,986262.6151117475,74.254345833462,1261535.3054415612,9,1 4 7 8 9 10 11 12 14,-31986.660398858367,70085.47061453968,79.82702317453592,-42967.83556097616,1008.0304877758026,timelimit
15,-198090.6709242002,-91939.90324644314,65060.50080605244,-154779.84460064862,928870.8955073402,68.93065006585601,1171089.0145089403,7,1 4 7 8 10 12 14,-43196.64955389965,65060.67667384131,191.52259667483727,141658.53262353284,1008.0944504737854,timelimit
16,-203537.02523766624,-60275.21758036676,67572.8977764025,-165771.03298460643,956004.7827871185,71.59249794965802,1216312.159975234,7,1 4 7 8 10 12 14,-43196.64955389965,67573.0736441905,171.71741472126888,118886.69913525516,1008.1334309577942,timelimit
17,-33294.46033096921,-66450.87557609146,65060.50080605788,131192.452405614,922614.209802579,68.93065006586062,1171089.0145090185,6,1 4 7 8 9 14,-65616.62786398223,65060.67667384131,3.2176815108539465,135413.80769579724,1008.7148475646973,timelimit
18,-200889.6223793204,-72897.86944435618,67572.8977764015,-186852.7600899373,959133.0064139275,71.5924979496569,1216312.159975215,8,1 4 7 8 9 11 12 14,-65616.62786398223,67573.0736441905,102.34387633419482,4379.597622451326,1012.0123112201691,timelimit
19,-30698.64766519971,-99429.99618088466,62548.10383570681,143435.04086227505,895806.7180593599,66.26880218205805,1125865.869042715,6,1 4 7 8 10 14,-99246.59532910609,62548.27970349213,1.6723902977166576,145833.83457037492,1012.0860371589661,timelimit
20,-195721.95312468798,-104562.61071394302,65060.5008060523,-176060.21783953765,931999.1191341551,68.93065006585516,1171089.0145089256,8,1 4 7 8 9 11 12 14,-99246.59532910609,65060.67667384131,84.13159986519001,-27937.939839619237,1013.9696831703186,timelimit
21,-27598.791828219102,-142544.87953511172,60035.70686535594,146887.8122324514,871510.956839567,63.60695429825481,1080642.7235764004,7,1 4 7 8 9 10 14,-132876.56279422995,60035.88273314295,5.804021712702987,155413.21281292345,1009.8663506507874,timelimit
22,-190759.85608011842,-136227.35518384585,62548.103835702364,-165719.2834129657,904865.2318543835,66.26880218205373,1125865.8690426417,8,1 4 7 8 9 11 12 14,-132876.56279422995,62548.27970349213,32.95763293193663,-111102.13027396696,1009.413919210434,timelimit
23,-188811.62004721843,-149481.67037058494,61496.45427911241,-161522.04708111554,893507.4166431983,65.15459484151394,1106936.1770240006,8,1 4 7 8 9 11 12 14,-144086.55194927123,37424.310000000296,222.2546233540557,197468.16941405242,1009.6552128791809,timelimit
24,-29068.71956293492,-155295.75640507275,51380.56686933354,146563.18442957397,754985.3502111866,54.43695992462753,924850.2036479821,6,1 4 7 8 10 14,-155296.54110431252,37424.310000000296,21.596478474651253,178215.67148915032,1009.1678078174591,timelimit
25,-192043.1928925134,-155295.75640506798,56891.67481428678,-183763.58520566707,831341.7961560596,60.27589827465975,1024050.1466571484,9,1 4 7 8 9 10 11 12 14,-155296.54110431252,52498.691822095396,193.6358313046173,172068.5605255464,1032.4065868854523,timelimit
26,-198841.93364994758,-166505.74556011253,48021.10441447456,-184469.83173297433,711590.1934706068,50.87765853567125,864379.8794605447,8,1 4 7 8 9 11 12 14,-166506.5302593538,37424.310000000296,43.84905995818124,-103581.54444245627,1009.0852241516113,timelimit
