escenario,parametro,nivel,objetivo,n_plantas,ref_n_plantas,delta_n_plantas,plantas,plantas_entran,plantas_salen,jaccard_vs_ref,misma_cardinalidad,misma_identidad,gap_pct
base,—,,Z4,3,3,0,2 7 8,,,1.0,1,1,47.664098442344724
base,—,,Z2,8,8,0,1 4 7 8 9 10 12 14,,,1.0,1,1,2.789453327202321
base,—,,Z3,8,8,0,1 4 7 8 9 11 12 14,,,1.0,1,1,0.0017904192986754313
price,PRICE_FACTOR,0.7,Z4,1,3,-2,8,,2 7,0.3333,0,0,67.83350864414092
price,PRICE_FACTOR,0.7,Z2,8,8,0,1 4 7 8 9 10 12 14,,,1.0,1,1,2.7874178311496145
price,PRICE_FACTOR,0.7,Z3,8,8,0,1 4 7 8 9 11 12 14,,,1.0,1,1,0.0020358840920801217
price,PRICE_FACTOR,1.0,Z4,3,3,0,2 7 8,,,1.0,1,1,47.664098442344724
price,PRICE_FACTOR,1.0,Z2,8,8,0,1 4 7 8 9 10 12 14,,,1.0,1,1,2.789453327202321
price,PRICE_FACTOR,1.0,Z3,8,8,0,1 4 7 8 9 11 12 14,,,1.0,1,1,0.0017904192986754313
price,PRICE_FACTOR,1.3,Z4,5,3,2,1 4 7 8 14,1 4 14,2,0.3333,0,0,2.658011323413557
price,PRICE_FACTOR,1.3,Z2,8,8,0,1 4 7 8 9 10 12 14,,,1.0,1,1,2.791580117753161
price,PRICE_FACTOR,1.3,Z3,8,8,0,1 4 7 8 9 11 12 14,,,1.0,1,1,0.0015450008931927317
catchment,D_BAR_IJ,0.1,Z4,1,3,-2,8,,2 7,0.3333,0,0,0.21295586826542579
catchment,D_BAR_IJ,0.1,Z2,6,8,-2,1 4 7 8 12 14,,9 10,0.75,0,0,0.41495566689973057
catchment,D_BAR_IJ,0.1,Z3,6,8,-2,1 4 7 8 12 14,,9 11,0.75,0,0,0.3693738828521045
catchment,D_BAR_IJ,0.25,Z4,3,3,0,2 7 8,,,1.0,1,1,47.664098442344724
catchment,D_BAR_IJ,0.25,Z2,8,8,0,1 4 7 8 9 10 12 14,,,1.0,1,1,2.789453327202321
catchment,D_BAR_IJ,0.25,Z3,8,8,0,1 4 7 8 9 11 12 14,,,1.0,1,1,0.0017904192986754313
catchment,D_BAR_IJ,0.5,Z4,5,3,2,1 4 7 8 14,1 4 14,2,0.3333,0,0,26.495364599573872
catchment,D_BAR_IJ,0.5,Z2,8,8,0,1 4 7 8 9 11 12 14,11,10,0.7778,1,0,0.1276694090004505
catchment,D_BAR_IJ,0.5,Z3,8,8,0,1 4 7 8 9 11 12 14,,,1.0,1,1,0.41918019534972434
muncredit,MUNICIPAL_CREDIT_SHARE,0.0,Z4,3,3,0,2 7 8,,,1.0,1,1,35.6541920832087
muncredit,MUNICIPAL_CREDIT_SHARE,0.0,Z2,8,8,0,1 4 7 8 9 10 12 14,,,1.0,1,1,3.3050802711488374
muncredit,MUNICIPAL_CREDIT_SHARE,0.0,Z3,8,8,0,1 4 7 8 9 11 12 14,,,1.0,1,1,0.001999629890276138
muncredit,MUNICIPAL_CREDIT_SHARE,0.25,Z4,3,3,0,2 7 8,,,1.0,1,1,47.664098442344724
muncredit,MUNICIPAL_CREDIT_SHARE,0.25,Z2,8,8,0,1 4 7 8 9 10 12 14,,,1.0,1,1,2.789453327202321
muncredit,MUNICIPAL_CREDIT_SHARE,0.25,Z3,8,8,0,1 4 7 8 9 11 12 14,,,1.0,1,1,0.0017904192986754313
muncredit,MUNICIPAL_CREDIT_SHARE,0.5,Z4,4,3,1,1 4 7 8,1 4,2,0.4,0,0,18.50984569486038
muncredit,MUNICIPAL_CREDIT_SHARE,0.5,Z2,8,8,0,1 4 7 8 9 10 12 14,,,1.0,1,1,2.7905449754323794
muncredit,MUNICIPAL_CREDIT_SHARE,0.5,Z3,8,8,0,1 4 7 8 9 11 12 14,,,1.0,1,1,0.0015812549954002067
facility,FACILITY_FACTOR,0.7,Z4,5,3,2,1 4 7 8 14,1 4 14,2,0.3333,0,0,14.884768749585152
facility,FACILITY_FACTOR,0.7,Z2,8,8,0,1 4 7 8 9 11 12 14,11,10,0.7778,1,0,1.7273037256727262
facility,FACILITY_FACTOR,0.7,Z3,10,8,2,1 2 4 7 8 9 10 11 12 14,2 10,,0.8,0,0,0.004174821019982587
facility,FACILITY_FACTOR,1.0,Z4,3,3,0,2 7 8,,,1.0,1,1,47.664098442344724
facility,FACILITY_FACTOR,1.0,Z2,8,8,0,1 4 7 8 9 10 12 14,,,1.0,1,1,2.789453327202321
facility,FACILITY_FACTOR,1.0,Z3,8,8,0,1 4 7 8 9 11 12 14,,,1.0,1,1,0.0017904192986754313
facility,FACILITY_FACTOR,1.3,Z4,3,3,0,2 7 8,,,1.0,1,1,7.992907592663428
facility,FACILITY_FACTOR,1.3,Z2,8,8,0,1 4 7 8 9 11 12 14,11,10,0.7778,1,0,0.494298337217568
facility,FACILITY_FACTOR,1.3,Z3,8,8,0,1 4 7 8 9 10 12 14,10,11,0.7778,1,0,29.381577715467618
