escenario,nivel,run_id,fila_objetivo,objetivo_evaluado,valor
base,,base,Z4,Z4,202350.55189797276
base,,base,Z4,Z2,-115526.94873965665
base,,base,Z4,Z3,37424.310000000274
base,,base,Z2,Z4,-163648.15229547938
base,,base,Z2,Z2,-166730.05645149085
base,,base,Z2,Z3,47179.95280577288
base,,base,Z3,Z4,-209972.44794004067
base,,base,Z3,Z2,-9566.682088775793
base,,base,Z3,Z3,72597.86758488887
price,0.7,price_0p70,Z4,Z4,85795.4722281628
price,0.7,price_0p70,Z4,Z2,-88826.37784560281
price,0.7,price_0p70,Z4,Z3,24711.389490642116
price,0.7,price_0p70,Z2,Z4,-330170.2102769311
price,0.7,price_0p70,Z2,Z2,-166730.05645149085
price,0.7,price_0p70,Z2,Z3,47179.95280577288
price,0.7,price_0p70,Z3,Z4,-410626.82290607766
price,0.7,price_0p70,Z3,Z2,-9566.68208876066
price,0.7,price_0p70,Z3,Z3,72597.86758489015
price,1.0,base,Z4,Z4,202350.55189797276
price,1.0,base,Z4,Z2,-115526.94873965665
price,1.0,base,Z4,Z3,37424.310000000274
price,1.0,base,Z2,Z4,-163648.15229547938
price,1.0,base,Z2,Z2,-166730.05645149085
price,1.0,base,Z2,Z3,47179.95280577288
price,1.0,base,Z3,Z4,-209972.44794004067
price,1.0,base,Z3,Z2,-9566.682088775793
price,1.0,base,Z3,Z3,72597.86758488887
price,1.3,price_1p30,Z4,Z4,354715.1559089016
price,1.3,price_1p30,Z4,Z2,-144128.3851517297
price,1.3,price_1p30,Z4,Z3,58056.261842150845
price,1.3,price_1p30,Z2,Z4,2873.9056859721895
price,1.3,price_1p30,Z2,Z2,-166730.05645149085
price,1.3,price_1p30,Z2,Z3,47179.95280577288
price,1.3,price_1p30,Z3,Z4,-9345.751594368201
price,1.3,price_1p30,Z3,Z2,-9566.682088781847
price,1.3,price_1p30,Z3,Z3,72597.86758488859
catchment,0.1,catchment_0p10,Z4,Z4,12298.984293048074
catchment,0.1,catchment_0p10,Z4,Z2,-10010.568893292359
catchment,0.1,catchment_0p10,Z4,Z3,4893.041999999999
catchment,0.1,catchment_0p10,Z2,Z4,-447076.6022464638
catchment,0.1,catchment_0p10,Z2,Z2,-23004.79655838103
catchment,0.1,catchment_0p10,Z2,Z3,6736.725500743468
catchment,0.1,catchment_0p10,Z3,Z4,-456313.05401420814
catchment,0.1,catchment_0p10,Z3,Z2,20685.529255272268
catchment,0.1,catchment_0p10,Z3,Z3,12674.011301709363
catchment,0.25,base,Z4,Z4,202350.55189797276
catchment,0.25,base,Z4,Z2,-115526.94873965665
catchment,0.25,base,Z4,Z3,37424.310000000274
catchment,0.25,base,Z2,Z4,-163648.15229547938
catchment,0.25,base,Z2,Z2,-166730.05645149085
catchment,0.25,base,Z2,Z3,47179.95280577288
catchment,0.25,base,Z3,Z4,-209972.44794004067
catchment,0.25,base,Z3,Z2,-9566.682088775793
catchment,0.25,base,Z3,Z3,72597.86758488887
catchment,0.5,catchment_0p50,Z4,Z4,377129.4373213498
catchment,0.5,catchment_0p50,Z4,Z2,-344122.52942983445
catchment,0.5,catchment_0p50,Z4,Z3,72431.96893527843
catchment,0.5,catchment_0p50,Z2,Z4,140723.62664115606
catchment,0.5,catchment_0p50,Z2,Z2,-380843.8858404141
catchment,0.5,catchment_0p50,Z2,Z3,87061.91622399137
catchment,0.5,catchment_0p50,Z3,Z4,147548.37996673794
catchment,0.5,catchment_0p50,Z3,Z2,-364697.3618142423
catchment,0.5,catchment_0p50,Z3,Z3,93591.96462000348
muncredit,0.0,muncredit_0p00,Z4,Z4,164175.8327973189
muncredit,0.0,muncredit_0p00,Z4,Z2,-115526.94876915938
muncredit,0.0,muncredit_0p00,Z4,Z3,37424.3100000002
muncredit,0.0,muncredit_0p00,Z2,Z4,-202956.93711059587
muncredit,0.0,muncredit_0p00,Z2,Z2,-165896.40616923512
muncredit,0.0,muncredit_0p00,Z2,Z3,46911.49078778413
muncredit,0.0,muncredit_0p00,Z3,Z4,-283993.9193627777
muncredit,0.0,muncredit_0p00,Z3,Z2,-9566.68208877102
muncredit,0.0,muncredit_0p00,Z3,Z3,72597.86758488942
muncredit,0.25,base,Z4,Z4,202350.55189797276
muncredit,0.25,base,Z4,Z2,-115526.94873965665
muncredit,0.25,base,Z4,Z3,37424.310000000274
muncredit,0.25,base,Z2,Z4,-163648.15229547938
muncredit,0.25,base,Z2,Z2,-166730.05645149085
muncredit,0.25,base,Z2,Z3,47179.95280577288
muncredit,0.25,base,Z3,Z4,-209972.44794004067
muncredit,0.25,base,Z3,Z2,-9566.682088775793
muncredit,0.25,base,Z3,Z3,72597.86758488887
muncredit,0.5,muncredit_0p50,Z4,Z4,247210.88398408145
muncredit,0.5,muncredit_0p50,Z4,Z2,-120197.39238346671
muncredit,0.5,muncredit_0p50,Z4,Z3,48283.47079444297
muncredit,0.5,muncredit_0p50,Z2,Z4,-115550.7256761133
muncredit,0.5,muncredit_0p50,Z2,Z2,-166730.05645149085
muncredit,0.5,muncredit_0p50,Z2,Z3,47179.95280577286
muncredit,0.5,muncredit_0p50,Z3,Z4,-135949.10244374778
muncredit,0.5,muncredit_0p50,Z3,Z2,-9566.682088781847
muncredit,0.5,muncredit_0p50,Z3,Z3,72597.86758488856
facility,0.7,facility_0p70,Z4,Z4,206676.28379345455
facility,0.7,facility_0p70,Z4,Z2,-150067.3807216565
facility,0.7,facility_0p70,Z4,Z3,50398.338580069925
facility,0.7,facility_0p70,Z2,Z4,-24166.44116672278
facility,0.7,facility_0p70,Z2,Z2,-166505.35779247456
facility,0.7,facility_0p70,Z2,Z3,47171.59110988523
facility,0.7,facility_0p70,Z3,Z4,-74354.12216812719
facility,0.7,facility_0p70,Z3,Z2,-19685.08792438067
facility,0.7,facility_0p70,Z3,Z3,71390.05424829524
facility,1.0,base,Z4,Z4,202350.55189797276
facility,1.0,base,Z4,Z2,-115526.94873965665
facility,1.0,base,Z4,Z3,37424.310000000274
facility,1.0,base,Z2,Z4,-163648.15229547938
facility,1.0,base,Z2,Z2,-166730.05645149085
facility,1.0,base,Z2,Z3,47179.95280577288
facility,1.0,base,Z3,Z4,-209972.44794004067
facility,1.0,base,Z3,Z2,-9566.682088775793
facility,1.0,base,Z3,Z3,72597.86758488887
facility,1.3,facility_1p30,Z4,Z4,196774.28906202287
facility,1.3,facility_1p30,Z4,Z2,-108628.42441394355
facility,1.3,facility_1p30,Z4,Z3,43644.640479962385
facility,1.3,facility_1p30,Z2,Z4,-343416.91405836766
facility,1.3,facility_1p30,Z2,Z2,-166506.53025935183
facility,1.3,facility_1p30,Z2,Z3,47779.41105830803
facility,1.3,facility_1p30,Z3,Z4,-351879.6002284904
facility,1.3,facility_1p30,Z3,Z2,-6590.663453216432
facility,1.3,facility_1p30,Z3,Z3,72677.17028047232
