escenario,etiqueta,parametro,nivel,es_base,run_id,estado,objetivo,sentido,valor_objetivo,Z1_VAN_peor_EUR,Z2_GHG_kgCO2e,Z3_cobertura,Z4_NPV_EUR,Z5_output_kg,cobertura_pct,colectado_total_kg,n_plantas,plantas,ref_n_plantas,ref_plantas,plantas_entran,plantas_salen,jaccard_vs_ref,delta_objetivo_vs_ref,delta_pct_vs_ref,gap_pct,bound,wall_time_s,terminacion,error
base,Base,—,,1,base,reutilizada,Z4,max,202350.55189797276,11149.0,-115526.94873965665,37424.310000000274,202350.55189797276,550380.5019145572,39.65050967339197,673637.579999996,3,2 7 8,3,2 7 8,,,1.0,8.017296204343438e-05,3.962082698722937e-08,47.664098442344724,55262.26995976914,308.21662974357605,timelimit,
base,Base,—,,1,base,reutilizada,Z2,min,-166730.05645149085,-207267.16847147845,-166730.05645149085,47179.95280577288,-163648.15229547938,699999.0960531342,49.986470695531615,849239.1505039142,8,1 4 7 8 9 10 12 14,8,1 4 7 8 9 10 12 14,,,1.0,-223.5261921370402,-0.13424470006604033,2.789453327202321,48496.01556908603,307.19133830070496,timelimit,
base,Base,—,,1,base,reutilizada,Z3,max,72597.86758488887,-212447.05270947612,-9566.682088775793,72597.86758488887,-209972.44794004067,1013402.6803456027,76.91638004661236,1306761.616527978,8,1 4 7 8 9 11 12 14,8,1 4 7 8 9 11 12 14,,,1.0,0.0,0.0,0.0017904192986754313,-9566.853372498153,132.3378083705902,optimal,
price,Price volatility,PRICE_FACTOR,0.7,0,price_0p70,reutilizada,Z4,max,85795.4722281628,85795.47222816326,-88826.37784560281,24711.389490642116,85795.4722281628,366870.52570524096,26.18135613032412,444805.01083155005,1,8,3,2 7 8,,2 7,0.3333,-116555.079589637,-57.60057412375399,67.83350864414092,41473.992016864846,308.51925325393677,timelimit,
price,Price volatility,PRICE_FACTOR,0.7,0,price_0p70,reutilizada,Z2,min,-166730.05645149085,-247834.67180807798,-166730.05645149085,47179.95280577288,-330170.2102769311,699999.0960531334,49.98647069553165,849239.1505039148,8,1 4 7 8 9 10 12 14,8,1 4 7 8 9 10 12 14,,,1.0,-223.5261921370402,-0.13424470006604033,2.7874178311496145,48495.055223008996,308.3754246234894,timelimit,
price,Price volatility,PRICE_FACTOR,0.7,0,price_0p70,reutilizada,Z3,max,72597.86758489015,-274502.98880878394,-9566.68208876066,72597.86758489015,-410626.82290607766,1013402.6803456147,76.91638004661404,1306761.6165280065,8,1 4 7 8 9 11 12 14,8,1 4 7 8 9 11 12 14,,,1.0,1.280568540096283e-09,1.7639203225892427e-12,0.0020358840920801217,-9566.876855319444,176.5624098777771,optimal,
price,Price volatility,PRICE_FACTOR,1.0,1,base,reutilizada,Z4,max,202350.55189797276,11149.0,-115526.94873965665,37424.310000000274,202350.55189797276,550380.5019145572,39.65050967339197,673637.579999996,3,2 7 8,3,2 7 8,,,1.0,8.017296204343438e-05,3.962082698722937e-08,47.664098442344724,55262.26995976914,308.21662974357605,timelimit,
price,Price volatility,PRICE_FACTOR,1.0,1,base,reutilizada,Z2,min,-166730.05645149085,-207267.16847147845,-166730.05645149085,47179.95280577288,-163648.15229547938,699999.0960531342,49.986470695531615,849239.1505039142,8,1 4 7 8 9 10 12 14,8,1 4 7 8 9 10 12 14,,,1.0,-223.5261921370402,-0.13424470006604033,2.789453327202321,48496.01556908603,307.19133830070496,timelimit,
price,Price volatility,PRICE_FACTOR,1.0,1,base,reutilizada,Z3,max,72597.86758488887,-212447.05270947612,-9566.682088775793,72597.86758488887,-209972.44794004067,1013402.6803456027,76.91638004661236,1306761.616527978,8,1 4 7 8 9 11 12 14,8,1 4 7 8 9 11 12 14,,,1.0,0.0,0.0,0.0017904192986754313,-9566.853372498153,132.3378083705902,optimal,
price,Price volatility,PRICE_FACTOR,1.3,0,price_1p30,reutilizada,Z4,max,354715.1559089016,4727.485748871012,-144128.3851517297,58056.261842150845,354715.1559089016,844338.8339442201,61.50976121598871,1045012.7131586904,5,1 4 7 8 14,3,2 7 8,1 4 14,2,0.3333,152364.6040911018,75.29735042595472,2.658011323413557,59599.403855865865,307.4137599468231,timelimit,
price,Price volatility,PRICE_FACTOR,1.3,0,price_1p30,reutilizada,Z2,min,-166730.05645149085,-166701.67455658174,-166730.05645149085,47179.95280577288,2873.9056859721895,699999.0960531334,49.98647069553164,849239.1505039145,8,1 4 7 8 9 10 12 14,8,1 4 7 8 9 10 12 14,,,1.0,-223.5261921370402,-0.13424470006604033,2.791580117753161,48497.01898786419,307.0580565929413,timelimit,
price,Price volatility,PRICE_FACTOR,1.3,0,price_1p30,reutilizada,Z3,max,72597.86758488859,-150418.79523053512,-9566.682088781847,72597.86758488859,-9345.751594368201,1013402.6803455978,76.91638004661229,1306761.6165279767,8,1 4 7 8 9 11 12 14,8,1 4 7 8 9 11 12 14,,,1.0,-2.764863893389702e-10,-3.808464332863138e-13,0.0015450008931927317,-9566.829894105567,117.78068113327026,optimal,
catchment,Catchment sensitivity,D_BAR_IJ,0.1,0,catchment_0p10,reutilizada,Z4,max,12298.984293048074,12298.984293048736,-10010.568893292359,4893.041999999999,12298.984293048074,70615.23084000006,37.82162306936893,88074.7560000002,1,8,3,2 7 8,,2 7,0.3333,-190051.56752475174,-93.9219418071455,0.21295586826542579,4903.462020075693,2.9858789443969727,optimal,
catchment,Catchment sensitivity,D_BAR_IJ,0.1,0,catchment_0p10,reutilizada,Z2,min,-23004.79655838103,-282233.0,-23004.79655838103,6736.725500743468,-447076.6022464638,99818.3829342393,52.0726968235558,121261.05901338272,6,1 4 7 8 12 14,8,1 4 7 8 9 10 12 14,,9 10,0.75,143501.73370097278,86.18384725058633,0.41495566689973057,6764.679924972286,69.83932518959045,optimal,
catchment,Catchment sensitivity,D_BAR_IJ,0.1,0,catchment_0p10,reutilizada,Z3,max,12674.011301709363,-285426.12808266375,20685.529255272268,12674.011301709363,-456313.05401420814,171355.71053134854,97.96598480662388,228132.20343076866,6,1 4 7 8 12 14,8,1 4 7 8 9 11 12 14,,9 11,0.75,-59923.856283179506,-82.54217138418066,0.3693738828521045,20609.122312673557,157.89419960975647,optimal,
catchment,Catchment sensitivity,D_BAR_IJ,0.25,1,base,reutilizada,Z4,max,202350.55189797276,11149.0,-115526.94873965665,37424.310000000274,202350.55189797276,550380.5019145572,39.65050967339197,673637.579999996,3,2 7 8,3,2 7 8,,,1.0,8.017296204343438e-05,3.962082698722937e-08,47.664098442344724,55262.26995976914,308.21662974357605,timelimit,
catchment,Catchment sensitivity,D_BAR_IJ,0.25,1,base,reutilizada,Z2,min,-166730.05645149085,-207267.16847147845,-166730.05645149085,47179.95280577288,-163648.15229547938,699999.0960531342,49.986470695531615,849239.1505039142,8,1 4 7 8 9 10 12 14,8,1 4 7 8 9 10 12 14,,,1.0,-223.5261921370402,-0.13424470006604033,2.789453327202321,48496.01556908603,307.19133830070496,timelimit,
catchment,Catchment sensitivity,D_BAR_IJ,0.25,1,base,reutilizada,Z3,max,72597.86758488887,-212447.05270947612,-9566.682088775793,72597.86758488887,-209972.44794004067,1013402.6803456027,76.91638004661236,1306761.616527978,8,1 4 7 8 9 11 12 14,8,1 4 7 8 9 11 12 14,,,1.0,0.0,0.0,0.0017904192986754313,-9566.853372498153,132.3378083705902,optimal,
catchment,Catchment sensitivity,D_BAR_IJ,0.5,0,catchment_0p50,reutilizada,Z4,max,377129.4373213498,6048.297699847814,-344122.52942983445,72431.96893527843,377129.4373213498,1086608.2885812721,26.90540728834783,1303775.4408349972,5,1 4 7 8 14,3,2 7 8,1 4 14,2,0.3333,174778.88550355,86.37430633790618,26.495364599573872,91623.0831913308,637.2800743579865,timelimit,
catchment,Catchment sensitivity,D_BAR_IJ,0.5,0,catchment_0p50,reutilizada,Z2,min,-380843.8858404141,-68457.45132968812,-380843.8858404141,87061.91622399137,140723.62664115606,1302192.944069517,32.33981278906784,1567114.4920318115,8,1 4 7 8 9 11 12 14,8,1 4 7 8 9 10 12 14,11,10,0.7778,-214337.35558106028,-128.7260957556465,0.1276694090004505,87173.06765789901,251.7727813720703,optimal,
catchment,Catchment sensitivity,D_BAR_IJ,0.5,0,catchment_0p50,reutilizada,Z3,max,93591.96462000348,-60923.71398753146,-364697.3618142423,93591.96462000348,147548.37996673794,1388470.339706639,34.765449069428165,1684655.3631600384,8,1 4 7 8 9 11 12 14,8,1 4 7 8 9 11 12 14,,,1.0,20994.09703511461,28.918338421670803,0.41918019534972434,-366226.10092793056,452.93252635002136,optimal,
muncredit,Municipal credit intensity,MUNICIPAL_CREDIT_SHARE,0.0,0,muncredit_0p00,ok,Z4,max,164175.8327973189,7303.0,-115526.94876915938,37424.3100000002,164175.8327973189,550380.5019145575,39.65050967339193,673637.5799999953,3,2 7 8,3,2 7 8,,,1.0,-38174.7190204809,-18.86563623253873,35.6541920832087,50767.64537321611,606.883517742157,timelimit,
muncredit,Municipal credit intensity,MUNICIPAL_CREDIT_SHARE,0.0,0,muncredit_0p00,ok,Z2,min,-165896.40616923512,-233788.39679481933,-165896.40616923512,46911.49078778413,-202956.93711059587,696034.2766127975,49.702039109720154,844406.8341801175,8,1 4 7 8 9 10 12 14,8,1 4 7 8 9 10 12 14,,,1.0,610.124090118683,0.3664265234332502,3.3050802711488374,48461.95321471302,606.8788363933563,timelimit,
muncredit,Municipal credit intensity,MUNICIPAL_CREDIT_SHARE,0.0,0,muncredit_0p00,ok,Z3,max,72597.86758488942,-237600.13316697406,-9566.68208877102,72597.86758488942,-283993.9193627777,1013402.680345607,76.91638004661309,1306761.6165279902,8,1 4 7 8 9 11 12 14,8,1 4 7 8 9 11 12 14,,,1.0,5.529727786779404e-10,7.616928665726276e-13,0.001999629890276138,-9566.873387005575,115.59973382949829,optimal,
muncredit,Municipal credit intensity,MUNICIPAL_CREDIT_SHARE,0.25,1,base,reutilizada,Z4,max,202350.55189797276,11149.0,-115526.94873965665,37424.310000000274,202350.55189797276,550380.5019145572,39.65050967339197,673637.579999996,3,2 7 8,3,2 7 8,,,1.0,8.017296204343438e-05,3.962082698722937e-08,47.664098442344724,55262.26995976914,308.21662974357605,timelimit,
muncredit,Municipal credit intensity,MUNICIPAL_CREDIT_SHARE,0.25,1,base,reutilizada,Z2,min,-166730.05645149085,-207267.16847147845,-166730.05645149085,47179.95280577288,-163648.15229547938,699999.0960531342,49.986470695531615,849239.1505039142,8,1 4 7 8 9 10 12 14,8,1 4 7 8 9 10 12 14,,,1.0,-223.5261921370402,-0.13424470006604033,2.789453327202321,48496.01556908603,307.19133830070496,timelimit,
muncredit,Municipal credit intensity,MUNICIPAL_CREDIT_SHARE,0.25,1,base,reutilizada,Z3,max,72597.86758488887,-212447.05270947612,-9566.682088775793,72597.86758488887,-209972.44794004067,1013402.6803456027,76.91638004661236,1306761.616527978,8,1 4 7 8 9 11 12 14,8,1 4 7 8 9 11 12 14,,,1.0,0.0,0.0,0.0017904192986754313,-9566.853372498153,132.3378083705902,optimal,
muncredit,Municipal credit intensity,MUNICIPAL_CREDIT_SHARE,0.5,0,muncredit_0p50,ok,Z4,max,247210.88398408145,6082.143090374352,-120197.39238346671,48283.47079444297,247210.88398408145,702263.9735572572,51.15563188205684,869102.4742999584,4,1 4 7 8,3,2 7 8,1 4,2,0.4,44860.332166281645,22.16961197450784,18.50984569486038,57220.66673461752,607.0237526893616,timelimit,
muncredit,Municipal credit intensity,MUNICIPAL_CREDIT_SHARE,0.5,0,muncredit_0p50,ok,Z2,min,-166730.05645149085,-195503.92435580475,-166730.05645149085,47179.95280577286,-115550.7256761133,699999.0960531342,49.98647069553164,849239.1505039145,8,1 4 7 8 9 10 12 14,8,1 4 7 8 9 10 12 14,,,1.0,-223.5261921370402,-0.13424470006604033,2.7905449754323794,48496.53060820575,606.9597673416138,timelimit,
muncredit,Municipal credit intensity,MUNICIPAL_CREDIT_SHARE,0.5,0,muncredit_0p50,ok,Z3,max,72597.86758488856,-187292.09817842508,-9566.682088781847,72597.86758488856,-135949.10244374778,1013402.6803455974,76.9163800466123,1306761.6165279772,8,1 4 7 8 9 11 12 14,8,1 4 7 8 9 11 12 14,,,1.0,-3.055902197957039e-10,-4.209355315269784e-13,0.0015812549954002067,-9566.83336242027,117.82414126396179,optimal,
facility,Facility cost/capacity,FACILITY_FACTOR,0.7,0,facility_0p70,ok,Z4,max,206676.28379345455,83.55128361280003,-150067.3807216565,50398.338580069925,206676.28379345455,739257.9255663732,53.39630340257304,907170.0944412539,5,1 4 7 8 14,3,2 7 8,1 4 14,2,0.3333,4325.731975654751,2.137741625508252,14.884768749585152,57900.01473134644,607.1647644042969,timelimit,
facility,Facility cost/capacity,FACILITY_FACTOR,0.7,0,facility_0p70,ok,Z2,min,-166505.35779247456,-107958.38592178475,-166505.35779247456,47171.59110988523,-24166.44116672278,699633.2967231664,49.97761160090335,849088.6399779328,8,1 4 7 8 9 11 12 14,8,1 4 7 8 9 10 12 14,11,10,0.7778,1.1724668792448938,0.000704156694286186,1.7273037256727262,47986.3877605854,607.0685815811157,timelimit,
facility,Facility cost/capacity,FACILITY_FACTOR,0.7,0,facility_0p70,ok,Z3,max,71390.05424829524,-121262.668088584,-19685.08792438067,71390.05424829524,-74354.12216812719,999144.8530488964,75.63671946272224,1285020.9764692804,10,1 2 4 7 8 9 10 11 12 14,8,1 4 7 8 9 11 12 14,2 10,,0.8,-1207.8133365936228,-1.6637036000834649,0.004174821019982587,-19685.90974156914,43.22925662994385,optimal,
facility,Facility cost/capacity,FACILITY_FACTOR,1.0,1,base,reutilizada,Z4,max,202350.55189797276,11149.0,-115526.94873965665,37424.310000000274,202350.55189797276,550380.5019145572,39.65050967339197,673637.579999996,3,2 7 8,3,2 7 8,,,1.0,8.017296204343438e-05,3.962082698722937e-08,47.664098442344724,55262.26995976914,308.21662974357605,timelimit,
facility,Facility cost/capacity,FACILITY_FACTOR,1.0,1,base,reutilizada,Z2,min,-166730.05645149085,-207267.16847147845,-166730.05645149085,47179.95280577288,-163648.15229547938,699999.0960531342,49.986470695531615,849239.1505039142,8,1 4 7 8 9 10 12 14,8,1 4 7 8 9 10 12 14,,,1.0,-223.5261921370402,-0.13424470006604033,2.789453327202321,48496.01556908603,307.19133830070496,timelimit,
facility,Facility cost/capacity,FACILITY_FACTOR,1.0,1,base,reutilizada,Z3,max,72597.86758488887,-212447.05270947612,-9566.682088775793,72597.86758488887,-209972.44794004067,1013402.6803456027,76.91638004661236,1306761.616527978,8,1 4 7 8 9 11 12 14,8,1 4 7 8 9 11 12 14,,,1.0,0.0,0.0,0.0017904192986754313,-9566.853372498153,132.3378083705902,optimal,
facility,Facility cost/capacity,FACILITY_FACTOR,1.3,0,facility_1p30,ok,Z4,max,196774.28906202287,2971.0,-108628.42441394355,43644.640479962385,196774.28906202287,634793.323182658,46.240858937477995,785603.5286393107,3,2 7 8,3,2 7 8,,,1.0,-5576.26275577693,-2.7557437850715134,7.992907592663428,47133.116262676034,606.9958090782166,timelimit,
facility,Facility cost/capacity,FACILITY_FACTOR,1.3,0,facility_1p30,ok,Z2,min,-166506.53025935183,-292341.0,-166506.53025935183,47779.41105830803,-343416.91405836766,708241.8396329755,50.62158795596866,860029.39904955,8,1 4 7 8 9 11 12 14,8,1 4 7 8 9 10 12 14,11,10,0.7778,1.979060471057892e-09,1.1885782905783147e-12,0.494298337217568,48015.5838927016,262.17935132980347,optimal,
facility,Facility cost/capacity,FACILITY_FACTOR,1.3,0,facility_1p30,ok,Z3,max,72677.17028047232,-304530.24826154986,-6590.663453216432,72677.17028047232,-351879.6002284904,1013769.3235977021,77.00040009396466,1308189.0650484662,8,1 4 7 8 9 10 12 14,8,1 4 7 8 9 11 12 14,10,11,0.7778,79.30269558345026,0.10923557154171425,29.381577715467618,-8527.104357688433,613.3200054168701,timelimit,
